<?xml version="1.0" encoding="UTF-8"?>

<algorithm>

<reference>Abrams_1994_48_2</reference>


<biblioref>

  <source>
    <author><surname>Abrams</surname><firstname>E.</firstname></author>
    <year>1994</year>
    <pagenums>48</pagenums>
  </source>

  <cited>
    <author><surname></surname><firstname></firstname></author>
    <year></year>
    <pagenums></pagenums>
  </cited>

</biblioref>


<algorithm_description>

  <algorithm_type>cut masonry blocks</algorithm_type>
  <position_in_process>procurement</position_in_process>
  <material>stone</material>
  <source_type>ethnographic</source_type>
  <source_chronology></source_chronology>
  <source_geography>Mesoamerica</source_geography>

</algorithm_description>


<algdata>

  <algorithm_statement>Working tuff blocks</algorithm_statement>
  <algorithm_math>Facing tuff into masonry blocks: 1 m3 in 11.6 p-d</algorithm_math>
  <variables>
    <var1>
      <unit>m3</unit><description></description>
      <op>var2 / 58</op>
    </var1>
    <var2>
      <unit>p-h</unit><description></description>
      <op>var1 * 58</op>
    </var2>
  </variables>

</algdata>


<algnotes>

  <general_notes>Based on experimentation in Copan River area, using stone tools. Algorithm is given as taking 11.6 p-d, I assume 5 p-h = 1 p-d as per other examples in the same chapter.</general_notes>
  <biblio_notes></biblio_notes>

</algnotes>


<algauthors>

  <creation>
    <author><surname>Buccellati</surname><firstname>F.</firstname><date>30.02.2018</date></author>
  </creation>

  <modification>
    <author><surname></surname><firstname></firstname><date></date></author>
  </modification>

</algauthors>


</algorithm>
