<?xml version="1.0" encoding="UTF-8"?>
<algorithm>


<reference>Brysbaert_2015_96</reference>


<biblioref>

  <source>
    <author><surname>Brysbaert</surname><firstname>A.</firstname></author>
    <year>2015</year>
    <pagenums>96</pagenums>
  </source>

  <cited>
    <author><surname>De Haan</surname><firstname>H.J.</firstname></author>
    <year>2009</year>
    <pagenums>7</pagenums>
  </cited>

</biblioref>



<algorithm_description>

  <algorithm_type>loading</algorithm_type>
  <position_in_process>transport</position_in_process>
  <material>stone</material>
  <source_type></source_type>
  <source_chronology></source_chronology>
  <source_geography></source_geography>

</algorithm_description>



<algdata>

  <algorithm_statement>Loading large limestone blocks in 20 minutes by 8 men</algorithm_statement>
  <algorithm_math>Loading and unloading of maximum 2,5 - 3,5 tonne blocks can be done in 2,66666 p-h</algorithm_math>
  <variables>
    <var1>
      <unit>p-h</unit><description></description>
      <op>var2 / 2,66666</op>
    </var1>
    <var2>
      <unit>kg</unit><description></description>
      <op>var1 * 2,66666</op>
    </var2>
  </variables>

</algdata>



<algnotes>

  <general_notes></general_notes>
  <biblio_notes>In the algorithm, the maximum of weight was taken into account, which is 3500 kg.</biblio_notes>

</algnotes>



<algauthors>

  <creation>
    <author><surname>Buccellati</surname><firstname>F.</firstname></author>
    <author><surname>Marko</surname><firstname>J.</firstname><date>15.6.2019</date></author>
  </creation>

  <modification>
    <author><surname></surname><firstname></firstname><date></date></author>
  </modification>

</algauthors>



</algorithm>