<?xml version="1.0" encoding="UTF-8"?>
<algorithm>


<reference>Abrams_1995_197</reference>


<biblioref>

  <source>
    <author><surname>Abrams</surname><firstname>E.</firstname></author>
    <year>1995</year>
    <pagenums>197</pagenums>
  </source>

  <cited>
    <author><surname>Foust and deSouza</surname><firstname></firstname></author>
    <year>1978</year>
    <pagenums>25</pagenums>
  </cited>

</biblioref>



<algorithm_description>

  <algorithm_type>labor measuring</algorithm_type>
  <position_in_process>production</position_in_process>
  <material>Maize</material>
  <source_type></source_type>
  <source_chronology>Classic Maya</source_chronology>
  <source_geography>Mesoamerica</source_geography>

</algorithm_description>



<algdata>

  <algorithm_statement>Measuring labor productivity as factor of number of workers</algorithm_statement>
  <algorithm_math></algorithm_math>
  <variables>
    <var1>
      <unit></unit><description></description>
      <op></op>
    </var1>
    <var2>
      <unit></unit><description></description>
      <op></op>
    </var2>
  </variables>

</algdata>



<algnotes>

  <general_notes></general_notes>
  <biblio_notes>Abrams discusses efficiency of maize collecting as factor relating to number of workers: highest yield per worker is found with 4 workers.</biblio_notes>

</algnotes>



<algauthors>

  <creation>
    <author><surname>Buccellati</surname><firstname>F.</firstname></author>
    <author><surname>Marko</surname><firstname>J.</firstname><date>22.2.2019</date></author>
  </creation>

  <modification>
    <author><surname></surname><firstname></firstname><date></date></author>
  </modification>

</algauthors>



</algorithm>
