<?xml version="1.0" encoding="UTF-8"?>
<algorithm>


<reference>Harper_2016_525</reference>


<biblioref>

  <source>
    <author><surname>Harper</surname><firstname>C.R.</firstname></author>
    <year>2016</year>
    <pagenums>525</pagenums>
  </source>

  <cited>
    <author><surname>Russel and Dahlin</surname><firstname></firstname></author>
    <year>2007</year>
    <pagenums>417</pagenums>
  </cited>

</biblioref>



<algorithm_description>

  <algorithm_type>plaster production</algorithm_type>
  <position_in_process>manufacture</position_in_process>
  <material>lime</material>
  <source_type>experimental archaeology</source_type>
  <source_chronology>modern</source_chronology>
  <source_geography>Mesoamerica</source_geography>

</algorithm_description>



<algdata>

  <algorithm_statement>making lime in one person-hour</algorithm_statement>
  <algorithm_math>0,004 m3 made in 1 p-h</algorithm_math>
  <variables>
    <var1>
      <unit>p-h</unit><description></description>
      <op>var2 / 0,004</op>
    </var1>
    <var2>
      <unit>m3</unit><description></description>
      <op>var1 * 0,004</op>
    </var2>
  </variables>

</algdata>



<algnotes>

  <general_notes>According to the author, producing lime includes collecting and transporting all materials (firewood, limestone) and slakng of the lime. Materials are asumed to be close to the site of production.</general_notes>
  <biblio_notes></biblio_notes>

</algnotes>



<algauthors>

  <creation>
    <author><surname>Buccellati</surname><firstname>F.</firstname></author>
    <author><surname>Marko</surname><firstname>J.</firstname><date>22.5.2019</date></author>
  </creation>

  <modification>
    <author><surname></surname><firstname></firstname><date></date></author>
  </modification>

</algauthors>



</algorithm>