<?xml version="1.0" encoding="UTF-8"?>
<algorithm>


<reference>Harper_2016_526</reference>


<biblioref>

  <source>
    <author><surname>Harper</surname><firstname>C.R.</firstname></author>
    <year>2016</year>
    <pagenums>526</pagenums>
  </source>

  <cited>
    <author><surname>Hurst</surname><firstname>J.T.</firstname></author>
    <year>1865</year>
    <pagenums>217</pagenums>
  </cited>

</biblioref>



<algorithm_description>

  <algorithm_type>wall building</algorithm_type>
  <position_in_process>construction</position_in_process>
  <material>stone</material>
  <source_type></source_type>
  <source_chronology></source_chronology>
  <source_geography></source_geography>

</algorithm_description>



<algdata>

  <algorithm_statement>Building a dry rubble stone wall in one person-hour</algorithm_statement>
  <algorithm_math>0,159 m3 built in 1 p-h</algorithm_math>
  <variables>
    <var1>
      <unit>p-h</unit><description></description>
      <op>var2 / 0,159</op>
    </var1>
    <var2>
      <unit>m3</unit><description></description>
      <op>var1 * 0,159</op>
    </var2>
  </variables>

</algdata>



<algnotes>

  <general_notes>No mortar was used for building a rubble stone wall.</general_notes>
  <biblio_notes></biblio_notes>

</algnotes>



<algauthors>

  <creation>
    <author><surname>Buccellati</surname><firstname>F.</firstname></author>
    <author><surname>Marko</surname><firstname>J.</firstname><date>22.5.2019</date></author>
  </creation>

  <modification>
    <author><surname></surname><firstname></firstname><date></date></author>
  </modification>

</algauthors>



</algorithm>