<?xml version="1.0" encoding="UTF-8"?>

<algorithm>

<reference>McCownHaines_1967_37</reference>


<biblioref>

  <source>
    <author><surname>McCown</surname><firstname>D.</firstname></author>
    <author><surname>Haines</surname><firstname>R.</firstname></author>
    <year>1967</year>
    <pagenums>37</pagenums>
  </source>

  <cited>
    <author><surname></surname><firstname></firstname></author>
    <year></year>
    <pagenums></pagenums>
  </cited>

</biblioref>


<algorithm_description>

  <algorithm_type>material qualities</algorithm_type>
  <position_in_process>materials</position_in_process>
  <material>wood</material>
  <source_type>ethnographic</source_type>  
  <source_chronology>modern</source_chronology>
  <source_geography>Near East</source_geography>

</algorithm_description>


<algdata>

  <algorithm_statement>A split palm log spans a max of 3.5m.</algorithm_statement>
  <algorithm_math>1 split palm log = 3.5m in legnth.</algorithm_math>
  <variables>
    <var1>
      <unit>beam</unit><description>split palm log</description>
      <op>var2 / 3.5 </op>
    </var1>
    <var2>
      <unit>legnth</unit><description>distance to be spanned</description>
      <op>var1 * 3.5</op>
    </var2>
  </variables>

</algdata>


<algnotes>

  <general_notes>It is unclear if the source is based on modern observation or is derived from the ancient architecture.</general_notes>
  <biblio_notes></biblio_notes>

</algnotes>


<algauthors>

  <creation>
    <author><surname>Buccellati</surname><firstname>F.</firstname><date>09.10.2019</date></author>
  </creation>

  <modification>
    <author><surname></surname><firstname></firstname><date></date></author>
  </modification>

</algauthors>


</algorithm>
