<?xml version="1.0" encoding="UTF-8"?>

<algorithm>


<reference>Cornerstones_2006_133</reference>


<biblioref>

  <authorgroup>
    <author><surname>Cornerstones Community Partnerships Staff</surname><firstname></firstname></author>
  </authorgroup>
  <abbrev>Cornerstones_Community_Partnerships_Staff_2006</abbrev>
  <pagenums>133</pagenums>
  <abbrev2></abbrev2>
  <pagenums2></pagenums2>

</biblioref>


<algorithm_description>

  <algorithm_type>plaster production</algorithm_type>
  <position_in_process>materials</position_in_process>
  <material>plaster</material>
  <source_type>ethnographic</source_type>
  <source_chronology></source_chronology>
  <source_geography></source_geography>

</algorithm_description>


<algdata>

  <algorithm_statement>Production of lime requires a heat source of 900 Celcius for 36 hours.</algorithm_statement>
  <algorithm_math>Lime requires heat of 900 Celcius</algorithm_math>



</algdata>


<algnotes>

  <general_notes>See Cornerstones Community Partnerships 2006 p.132 for gypsum as a parallel.</general_notes>
  <biblio_notes></biblio_notes>

</algnotes>


<algauthors>

  <creation_author_group>
    <author>
      <surname>Buccellati</surname><firstname>F.</firstname>
      <creation_date>30.02.2018</creation_date>
    </author>
  </creation_author_group>

  <modification_author_group>
    <author>
      <surname></surname><firstname></firstname>
      <modification_date></modification_date>
    </author>
  </modification_author_group>

</algauthors>


</algorithm>
