<?xml version="1.0" encoding="UTF-8"?>
<algorithm>


<reference>Burke_2012_149</reference>


<biblioref>

  <source>
    <author><surname>Burke</surname><firstname>A.</firstname></author>
    <year>2012</year>
    <pagenums>149</pagenums>
  </source>

  <cited>
    <author><surname>Powell</surname><firstname></firstname></author>
    <year>1990</year>
    <pagenums>490</pagenums>
  </cited>

</biblioref>



<algorithm_description>

  <algorithm_type>earth digging</algorithm_type>
  <position_in_process>procurement</position_in_process>
  <material>earth</material>
  <source_type>text</source_type>
  <source_chronology>bronze age</source_chronology>
  <source_geography>Near East</source_geography>

</algorithm_description>



<algdata>

  <algorithm_statement>One labourer dag 0,3 m3 of soil in one hour</algorithm_statement>
  <algorithm_math>0,3 m3 dag in 1 p-h</algorithm_math>
  <variables>
    <var1>
      <unit>p-h</unit><description></description>
      <op>var2 / 0,3</op>
    </var1>
    <var2>
      <unit>m3</unit><description></description>
      <op>var1 * 0,3</op>
    </var2>
  </variables>

</algdata>



<algnotes>

  <general_notes>The author mentions 10 hour work days. Data was converted from p-d to p-h,</general_notes>
  <biblio_notes></biblio_notes>

</algnotes>



<algauthors>

  <creation>
    <author><surname>Buccellati</surname><firstname>F.</firstname></author>
    <author><surname>Marko</surname><firstname>J.</firstname><date>12.6.2019</date></author>
  </creation>

  <modification>
    <author><surname></surname><firstname></firstname><date></date></author>
  </modification>

</algauthors>



</algorithm>