<?xml version="1.0" encoding="UTF-8"?>

<algorithm>

<reference>Abrams_1994_47_2</reference>


<biblioref>

  <source>
    <author><surname>Abrams</surname><firstname>E.</firstname></author>
    <year>1994</year>
    <pagenums>47</pagenums>
  </source>

  <cited>
    <author><surname></surname><firstname></firstname></author>
    <year></year>
    <pagenums></pagenums>
  </cited>

</biblioref>


<algorithm_description>

  <algorithm_type>building cobbles</algorithm_type>
  <position_in_process>construction</position_in_process>
  <material>stone</material>
  <source_type>ethnographic</source_type>
  <source_chronology></source_chronology>
  <source_geography>Mesoamerica</source_geography>

</algorithm_description>


<algdata>

  <algorithm_statement>Percentage of cobbles in fill</algorithm_statement>
  <algorithm_math>Cobble fill contains 1:2 cobbles to earth (v1 is cobbles, v2 earth)</algorithm_math>
  <variables>
    <var1>
      <unit>m3</unit><description></description>
      <op>var2 / 2</op>
    </var1>
    <var2>
      <unit>m3</unit><description></description>
      <op>var1 * 2</op>
    </var2>
  </variables>

</algdata>


<algnotes>

  <general_notes>Range varies widely, Abrams gives an average but cites two examples where cobbles are 47% and 24%.</general_notes>
  <biblio_notes></biblio_notes>

</algnotes>


<algauthors>

  <creation>
    <author><surname>Buccellati</surname><firstname>F.</firstname><date>30.02.2018</date></author>
  </creation>

  <modification>
    <author><surname></surname><firstname></firstname><date></date></author>
  </modification>

</algauthors>


</algorithm>
