<?xml version="1.0" encoding="UTF-8"?>
<algorithm>


<reference>Brysbaert_2015_94</reference>


<biblioref>

  <source>
    <author><surname>Brysbaert</surname><firstname>A.</firstname></author>
    <year>2015</year>
    <pagenums>94</pagenums>
  </source>

  <cited>
    <author><surname>Pakkanen</surname><firstname></firstname></author>
    <year>2013</year>
    <pagenums></pagenums>
  </cited>

</biblioref>



<algorithm_description>

  <algorithm_type>quarrying stone</algorithm_type>
  <position_in_process>procurement</position_in_process>
  <material>stone</material>
  <source_type>experimental archaeology</source_type>
  <source_chronology></source_chronology>
  <source_geography></source_geography>

</algorithm_description>



<algdata>

  <algorithm_statement>0,22 m3 of stone was quarried in 1 p-h</algorithm_statement>
  <algorithm_math>0,22 m3 made in 1 p-h</algorithm_math>
  <variables>
    <var1>
      <unit>p-h</unit><description></description>
      <op>var2 / 0,22</op>
    </var1>
    <var2>
      <unit>m3</unit><description></description>
      <op>var1 * 0,22</op>
    </var2>
  </variables>

</algdata>



<algnotes>

  <general_notes>Author refers to 10 hour work days.</general_notes>
  <biblio_notes>Author refers to the work of skilled workers under supervision.</biblio_notes>

</algnotes>



<algauthors>

  <creation>
    <author><surname>Buccellati</surname><firstname>F.</firstname></author>
    <author><surname>Marko</surname><firstname>J.</firstname><date>14.6.2019</date></author>
  </creation>

  <modification>
    <author><surname>Buccellati</surname><firstname>F.</firstname><date>8.1.2020</date></author>
  </modification>

</algauthors>



</algorithm>