<?xml version="1.0" encoding="UTF-8"?>
<algorithm>


<reference>Harper_2016_527</reference>


<biblioref>

  <source>
    <author><surname>Harper</surname><firstname>C.R.</firstname></author>
    <year>2016</year>
    <pagenums>527</pagenums>
  </source>

  <cited>
    <author><surname>Lekson</surname><firstname></firstname></author>
    <year>1984</year>
    <pagenums>280-1</pagenums>
  </cited>

</biblioref>



<algorithm_description>

  <algorithm_type>floor building</algorithm_type>
  <position_in_process>construction</position_in_process>
  <material>earth</material>
  <source_type></source_type>
  <source_chronology></source_chronology>
  <source_geography>North America</source_geography>

</algorithm_description>



<algdata>

  <algorithm_statement>Building floor in one person-hour</algorithm_statement>
  <algorithm_math>0,4 m3 built in 1 p-h</algorithm_math>
  <variables>
    <var1>
      <unit>p-h</unit><description></description>
      <op>var2 / 0,4</op>
    </var1>
    <var2>
      <unit>m3</unit><description></description>
      <op>var1 * 0,4</op>
    </var2>
  </variables>

</algdata>



<algnotes>

  <general_notes>It does not include any costs connected to acquiring and transporting material.</general_notes>
  <biblio_notes></biblio_notes>

</algnotes>



<algauthors>

  <creation>
    <author><surname>Buccellati</surname><firstname>F.</firstname></author>
    <author><surname>Marko</surname><firstname>J.</firstname><date>23.5.2019</date></author>
  </creation>

  <modification>
    <author><surname></surname><firstname></firstname><date></date></author>
  </modification>

</algauthors>



</algorithm>