<?xml version="1.0" encoding="UTF-8"?>
<algorithm>


<reference>Harper_2016_521</reference>


<biblioref>

  <source>
    <author><surname>Harper</surname><firstname>C.R.</firstname></author>
    <year>2016</year>
    <pagenums>521</pagenums>
  </source>

  <cited>
    <author><surname>Rea</surname><firstname></firstname></author>
    <year>1902</year>
    <pagenums>48</pagenums>
  </cited>

</biblioref>



<algorithm_description>

  <algorithm_type>earth digging</algorithm_type>
  <position_in_process>procurement</position_in_process>
  <material>earth</material>
  <source_type></source_type>
  <source_chronology></source_chronology>
  <source_geography></source_geography>

</algorithm_description>



<algdata>

  <algorithm_statement>earth was dag in one person-hour</algorithm_statement>
  <algorithm_math>0,54 m3 dag in 1 p-h</algorithm_math>
  <variables>
    <var1>
      <unit>p-h</unit><description></description>
      <op>var2 / 0,54</op>
    </var1>
    <var2>
      <unit>m3</unit><description></description>
      <op>var1 * 0,54</op>
    </var2>
  </variables>

</algdata>



<algnotes>

  <general_notes>Lighter packed soils for brick mortar or plaster were excavating</general_notes>
  <biblio_notes></biblio_notes>

</algnotes>



<algauthors>

  <creation>
    <author><surname>Buccellati</surname><firstname>F.</firstname></author>
    <author><surname>Marko</surname><firstname>J.</firstname><date>22.5.2019</date></author>
  </creation>

  <modification>
    <author><surname></surname><firstname></firstname><date></date></author>
  </modification>

</algauthors>



</algorithm>