<?xml version="1.0" encoding="UTF-8"?>
<algorithm>


<reference>Harper_2016_520</reference>


<biblioref>

  <source>
    <author><surname>Harper</surname><firstname>C.R.</firstname></author>
    <year>2016</year>
    <pagenums>520</pagenums>
  </source>

  <cited>
    <author><surname>Lehner</surname><firstname></firstname></author>
    <year>1997</year>
    <pagenums>206-7</pagenums>
  </cited>

</biblioref>



<algorithm_description>

  <algorithm_type>quarrying stone</algorithm_type>
  <position_in_process>procurement</position_in_process>
  <material>stone</material>
  <source_type></source_type>
  <source_chronology></source_chronology>
  <source_geography></source_geography>

</algorithm_description>



<algdata>

  <algorithm_statement>limestone was quarried in one person-hour</algorithm_statement>
  <algorithm_math>0,089 m3 quarried in 1 p-h</algorithm_math>
  <variables>
    <var1>
      <unit>p-h</unit><description></description>
      <op>var2 / 0,089</op>
    </var1>
    <var2>
      <unit>m3</unit><description></description>
      <op>var1 * 0,089</op>
    </var2>
  </variables>

</algdata>



<algnotes>

  <general_notes></general_notes>
  <biblio_notes>To quote Harper: "Lehner notes that the quarrymen were barefoot and used only hand tools".</biblio_notes>

</algnotes>



<algauthors>

  <creation>
    <author><surname>Buccellati</surname><firstname>F.</firstname></author>
    <author><surname>Marko</surname><firstname>J.</firstname><date>22.5.2019</date></author>
  </creation>

  <modification>
    <author><surname>Buccellati</surname><firstname>F.</firstname><date>8.1.2020</date></author>
  </modification>

</algauthors>



</algorithm>