<?xml version="1.0" encoding="UTF-8"?>

<algorithm>

<reference>Cornerstones_2006_132</reference>


<biblioref>

  <source>
    <author><surname>Cornerstones Community Partnerships Staff</surname><firstname></firstname></author>
    <year>2006</year>
    <pagenums>132</pagenums>
  </source>

  <cited>
    <author><surname></surname><firstname></firstname></author>
    <year></year>
    <pagenums></pagenums>
  </cited>

</biblioref>


<algorithm_description>

  <algorithm_type>mudbrick</algorithm_type>
  <position_in_process>materials</position_in_process>
  <material>mudbrick</material>
  <source_type>ethnographic</source_type>  
  <source_chronology></source_chronology>
  <source_geography></source_geography>

</algorithm_description>


<algdata>

  <algorithm_statement>Chaff used for bricks 2.5-4 cm in length.</algorithm_statement>
  <algorithm_math></algorithm_math>
  <variables>
    <var1>
      <unit>cm</unit><description></description>
      <op>var2 / 3.25</op>
    </var1>
    <var2>
      <unit>cm</unit><description></description>
      <op>var1 * 3.25</op>
    </var2>
  </variables>


</algdata>


<algnotes>

  <general_notes>Chaff used for bricks 2.5-4 cm in legnth. For mortar chaff needs to be shorter, for plaster longer.</general_notes>
  <biblio_notes></biblio_notes>

</algnotes>


<algauthors>

  <creation>
    <author><surname>Buccellati</surname><firstname>F.</firstname><date>30.02.2018</date></author>
  </creation>

  <modification>
    <author><surname></surname><firstname></firstname><date></date></author>
  </modification>

</algauthors>


</algorithm>
