<?xml version="1.0" encoding="UTF-8"?>

<algorithm>

<reference>Aurenche_1981_66</reference>


<biblioref>

  <source>
    <author><surname>Aurenche</surname><firstname>O.</firstname></author>
    <year>1981</year>
    <pagenums>66</pagenums>
  </source>

  <cited>
    <author><surname></surname><firstname></firstname></author>
    <year></year>
    <pagenums></pagenums>
  </cited>

</biblioref>


<algorithm_description>

  <algorithm_type>mudbrick</algorithm_type>
  <position_in_process>materials</position_in_process>
  <material>mudbrick</material>
  <source_type>ethnographic</source_type>  
  <source_chronology></source_chronology>
  <source_geography>Near East</source_geography>

</algorithm_description>


<algdata>

  <algorithm_statement>350 mudbricks can be made per person per day.</algorithm_statement>
  <algorithm_math>350 bricks in 1 day</algorithm_math>
  <variables>
    <var1>
      <unit>day</unit><description></description>
      <op>var2 / 350</op>
    </var1>
    <var2>
      <unit>brick</unit><description></description>
      <op>var1 * 350</op>
    </var2>
  </variables>

</algdata>


<algnotes>

  <general_notes></general_notes>
  <biblio_notes></biblio_notes>

</algnotes>


<algauthors>

  <creation>
    <author><surname>Buccellati</surname><firstname>F.</firstname><date>30.02.2018</date></author>
  </creation>

  <modification>
    <author><surname></surname><firstname></firstname><date></date></author>
  </modification>

</algauthors>


</algorithm>
