<?xml version="1.0" encoding="UTF-8"?>

<algorithm>

<reference>Garner_1984_5</reference>


<biblioref>

  <source>
    <author><surname>Garner</surname><firstname>L.</firstname></author>
    <year>1984</year>
    <pagenums>5</pagenums>
  </source>

  <cited>
    <author><surname></surname><firstname></firstname></author>
    <year></year>
    <pagenums></pagenums>
  </cited>

</biblioref>


<algorithm_description>

  <algorithm_type>wall building</algorithm_type>
  <position_in_process>construction</position_in_process>
  <material>stone</material>
  <source_type>ethnographic</source_type>
  <source_chronology>modern</source_chronology>
  <source_geography>europe</source_geography>

</algorithm_description>


<algdata>

  <algorithm_statement>A single worker constructing a stone wall will average 4.9-5.5 meters a day.</algorithm_statement>
  <algorithm_math>8 p-h to construct 5.2 m of free-standing wall with a height of 1.5m.</algorithm_math>
  <variables>
    <var1>
      <unit>p-h</unit><description></description>
      <op>var2 / 8 * 5.2</op>
    </var1>
    <var2>
      <unit>m</unit><description></description>
      <op>var1 * 8 / 5.2</op>
    </var2>
  </variables>

</algdata>


<algnotes>

  <general_notes>The values in this algorithm are a bit unclear - first, the number of hours in a work day is not stated, and then the width of the wall is also not known. The wall being built is free standing, and thus tapers towards the top, which would not be the case in the construction of a building.</general_notes>
  <biblio_notes></biblio_notes>

</algnotes>


<algauthors>

  <creation>
    <author><surname>Buccellati</surname><firstname>F.</firstname><date>30.02.2018</date></author>
  </creation>

  <modification>
    <author><surname></surname><firstname></firstname><date></date></author>
  </modification>

</algauthors>


</algorithm>
