<?xml version="1.0" encoding="UTF-8"?>

<algorithm>

<reference>Abrams_1994_49_2</reference>


<biblioref>

  <authorgroup>
    <author><surname>Abrams</surname><firstname>E.</firstname></author>
  </authorgroup>
  <abbrev>Abrams_1994</abbrev>
  <pagenums>49</pagenums>
<abbrev2>Abrams_1984</abbrev2>
<pagenums2></pagenums2>

</biblioref>


<algorithm_description>

  <algorithm_type>sculpturing</algorithm_type>

  <position_in_process>manufacture</position_in_process>
  <material>stone</material>
  <source_type>ethnographic</source_type>
  <source_chronology></source_chronology>
  <source_geography>Mesoamerica</source_geography>

</algorithm_description>


<algdata>

  <algorithm_statement>Sculpting stone (complex)</algorithm_statement>
  <algorithm_math>Scultor carving complex motifs onto stone (measured in carved surface area)</algorithm_math>
  <variables>
    <var1>
      <unit>cm2</unit><description></description>
      <op>var2 * 89</op>
    </var1>
    <var2>
      <unit>p-h</unit><description></description>
      <op>var1 / 89</op>
    </var2>
  </variables>

</algdata>


<algnotes>

  <general_notes></general_notes>
  <biblio_notes>See also Abrams_1994_44. bi - Abrams 1984 given as Abrams 1984b in Abrams 1994.</biblio_notes>

</algnotes>


<algauthors>

  <creation_author_group>
    <author>
      <surname>Buccellati</surname><firstname>F.</firstname>
      <creation_date>30.02.2018</creation_date>
    </author>
  </creation_author_group>

  <modification_author_group>
    <author>
      <surname></surname><firstname></firstname>
      <modification_date></modification_date>
    </author>
  </modification_author_group>

</algauthors>


</algorithm>
