<?xml version="1.0" encoding="UTF-8"?>

<algorithm>

<reference>Abrams_1994_49_3</reference>


<biblioref>

  <source>
    <author><surname>Abrams</surname><firstname>E.</firstname></author>
    <year>1994</year>
    <pagenums>49</pagenums>
  </source>

  <cited>
    <author><surname></surname><firstname></firstname></author>
    <year></year>
    <pagenums></pagenums>
  </cited>

</biblioref>


<algorithm_description>

  <algorithm_type>plaster production</algorithm_type>
  <position_in_process>procurement</position_in_process>
  <material>plaster</material>
  <source_type>ethnographic</source_type>
  <source_chronology></source_chronology>
  <source_geography>Mesoamerica</source_geography>

</algorithm_description>


<algdata>

  <algorithm_statement>Plaster production</algorithm_statement>
  <algorithm_math>Time needed to produce plaster (see note)</algorithm_math>
  <variables>
    <var1>
      <unit>m3</unit><description>plaster volume</description>
      <op>var2 / 219.5</op>
    </var1>
    <var2>
      <unit>p-h</unit><description></description>
      <op>var1 * 219.5</op>
    </var2>
  </variables>

</algdata>


<algnotes>

  <general_notes>This algorithm is relatively problematic; it relates to the preparation of the plaster for use in a structure, and as such involves not only the collection of the raw material, but also the burning of that raw material as well as the collection of the material needed for the fire. Abrams states: "The manufacture of plaster involved several interrelated activities: cutting, transporting, and stacking trees as well as excavating, preparing, and transporting stone" (Abrams 1994 49). It assumes the open-air method of lime burning; Abrams says that closed kilns would be more efficient. Abrams states that the "figure is clearly incorrect for the Late Classic Copan since data indicate that the calcining of limestone for plaster was likely conducted within tenclosed kilns" (Abrams 1994 49-50).</general_notes>
  <biblio_notes></biblio_notes>

</algnotes>


<algauthors>

  <creation>
    <author><surname>Buccellati</surname><firstname>F.</firstname><date>30.02.2018</date></author>
  </creation>

  <modification>
    <author><surname></surname><firstname></firstname><date></date></author>
  </modification>

</algauthors>


</algorithm>
