<?xml version="1.0" encoding="UTF-8"?>
<algorithm>


<reference>Kerig_2007_2</reference>


<biblioref>

  <source>
    <author><surname>Kerig</surname><firstname>T.</firstname></author>
    <year>2007</year>
    <pagenums>2</pagenums>
  </source>

  <cited>
    <author><surname>Luley</surname><firstname></firstname></author>
    <year>1990</year>
    <pagenums></pagenums>
  </cited>

</biblioref>



<algorithm_description>

  <algorithm_type>construction</algorithm_type>
  <position_in_process>construction</position_in_process>
  <material></material>
  <source_type></source_type>
  <source_chronology>Neolithic</source_chronology>
  <source_geography>Europe</source_geography>

</algorithm_description>



<algdata>

  <algorithm_statement>Construction of 22m long-house</algorithm_statement>
  <algorithm_math>1 house built in 2900 p-h</algorithm_math>
  <variables>
    <var1>
      <unit>p-h</unit><description></description>
      <op>var2 * 2900</op>
    </var1>
    <var2>
      <unit>container</unit><description>long-house</description>
      <op>var1 / 2900</op>
    </var2>
  </variables>

</algdata>



<algnotes>

  <general_notes>Author refers to a 22m long-house of Western Germany. with an use of Neolithic tools.</general_notes>
  <biblio_notes></biblio_notes>

</algnotes>



<algauthors>

  <creation>
    <author><surname>Buccellati</surname><firstname>F.</firstname></author>
    <author><surname>Marko</surname><firstname>J.</firstname><date>29.4.2019</date></author>
  </creation>

  <modification>
    <author><surname></surname><firstname></firstname><date></date></author>
  </modification>

</algauthors>



</algorithm>