<?xml version="1.0" encoding="UTF-8"?>

<algorithm>

<reference>Wulff_1966_126</reference>


<biblioref>

  <source>
    <author><surname>Wulff</surname><firstname>H.</firstname></author>
    <year>1966</year>
    <pagenums>126</pagenums>
  </source>

  <cited>
    <author><surname></surname><firstname></firstname></author>
    <year></year>
    <pagenums></pagenums>
  </cited>

</biblioref>


<algorithm_description>

  <algorithm_type>plaster production</algorithm_type>
  <position_in_process>materials</position_in_process>
  <material>plaster</material>
  <source_type>ethnographic</source_type>  
  <source_chronology></source_chronology>
  <source_geography></source_geography>

</algorithm_description>


<algdata>

  <algorithm_statement>Production of gypsum requires a heat source of 100-200 Celsius.</algorithm_statement>
  <algorithm_math>Gypsum requires heat of 100-200 Celsius</algorithm_math>

</algdata>


<algnotes>

  <general_notes>Average of 150 used.</general_notes>
  <biblio_notes></biblio_notes>

</algnotes>


<algauthors>

  <creation>
    <author><surname>Buccellati</surname><firstname>F.</firstname><date>30.02.2018</date></author>
  </creation>

  <modification>
    <author><surname></surname><firstname></firstname><date></date></author>
  </modification>

</algauthors>


</algorithm>
