<?xml version="1.0" encoding="UTF-8"?>
<algorithm>


<reference>Harper_2016_524</reference>


<biblioref>

  <source>
    <author><surname>Harper</surname><firstname>Ch.</firstname></author>
    <year>2016</year>
    <pagenums>524</pagenums>
  </source>

  <cited>
    <author><surname>Murakami</surname><firstname></firstname></author>
    <year>2010</year>
    <pagenums>203</pagenums>
  </cited>

</biblioref>



<algorithm_description>

  <algorithm_type>mudbrick</algorithm_type>
  <position_in_process>manufacture</position_in_process>
  <material>mudbrick</material>
  <source_type></source_type>
  <source_chronology></source_chronology>
  <source_geography></source_geography>

</algorithm_description>



<algdata>

  <algorithm_statement>making mudbricks in one person-hour</algorithm_statement>
  <algorithm_math>0,138 m3 made in 1 p-h</algorithm_math>
  <variables>
    <var1>
      <unit>p-h</unit><description></description>
      <op>var2 / 0,138</op>
    </var1>
    <var2>
      <unit>m3</unit><description></description>
      <op>var1 * 0,138</op>
    </var2>
  </variables>

</algdata>



<algnotes>

  <general_notes></general_notes>
  <biblio_notes></biblio_notes>

</algnotes>



<algauthors>

  <creation>
    <author><surname>Buccellati</surname><firstname>F.</firstname></author>
    <author><surname>Marko</surname><firstname>J.</firstname><date>22.5.2019</date></author>
  </creation>

  <modification>
    <author><surname></surname><firstname></firstname><date></date></author>
  </modification>

</algauthors>



</algorithm>