<?xml version="1.0" encoding="UTF-8"?>
<algorithm>


<reference>Pickett_2017_16</reference>


<biblioref>

  <source>
    <author><surname>Pickett</surname><firstname>J.</firstname></author>
    <year>2017</year>
    <pagenums>16</pagenums>
  </source>

  <cited>
    <author><surname></surname><firstname></firstname></author>
    <year></year>
    <pagenums></pagenums>
  </cited>

</biblioref>



<algorithm_description>

  <algorithm_type>mortar production</algorithm_type>
  <position_in_process>procurement</position_in_process>
  <material>limestone</material>
  <source_type>text</source_type>
  <source_chronology>Middle Ages</source_chronology>
  <source_geography>Near East</source_geography>

</algorithm_description>



<algdata>

  <algorithm_statement>slaking of lime for mortar production</algorithm_statement>
  <algorithm_math>certain volume of lime slaked in 1 p-h</algorithm_math>
  <variables>
    <var1>
      <unit>p-h</unit><description></description>
      <op>var2 / 0,10416</op>
    </var1>
    <var2>
      <unit>m3</unit><description></description>
      <op>var1 * 0,10416</op>
    </var2>
  </variables>

</algdata>



<algnotes>

  <general_notes>Data was converted from work days to person-hours. Author refers to 8 hour work days.</general_notes>
  <biblio_notes></biblio_notes>

</algnotes>



<algauthors>

  <creation>
    <author><surname>Buccellati</surname><firstname>F.</firstname></author>
    <author><surname>Marko</surname><firstname>J.</firstname><date>24.4.2019</date></author>
  </creation>

  <modification>
    <author><surname></surname><firstname></firstname><date></date></author>
  </modification>

</algauthors>



</algorithm>