<?xml version="1.0" encoding="UTF-8"?>

<algorithm>

<reference>Abrams_1994_47_1</reference>


<biblioref>

  <authorgroup>
    <author><surname>Abrams</surname><firstname>E.</firstname></author>
  </authorgroup>
  <abbrev>Abrams_1994</abbrev>
  <pagenums>47</pagenums>
  <abbrev2>Erasmus_1965</abbrev2>
  <pagenums2>285</pagenums2>
<pagenums2></pagenums2>

</biblioref>


<algorithm_description>

  <algorithm_type>earth digging</algorithm_type>

  <position_in_process>procurement</position_in_process>
  <material>earth</material>
  <source_type>ethnographic</source_type>
  <source_chronology></source_chronology>
  <source_geography></source_geography>

</algorithm_description>


<algdata>

  <algorithm_statement>Excavating earth</algorithm_statement>
  <algorithm_math>1 man excavated 2.6 cubic meters in 5 hours</algorithm_math>
  <variables>
    <var1>
      <unit>m3</unit><description></description>
      <op>var2 * 2.6 / 5</op>
    </var1>
    <var2>
      <unit>p-h</unit><description></description>
      <op>var1 / 2.6 * 5</op>
    </var2>
  </variables>

</algdata>


<algnotes>

  <general_notes></general_notes>
  <biblio_notes>original formula from Erasmus_1965_285</biblio_notes>

</algnotes>


<algauthors>

  <creation_author_group>
    <author>
      <surname>Buccellati</surname><firstname>F.</firstname>
      <creation_date>30.02.2018</creation_date>
    </author>
  </creation_author_group>

  <modification_author_group>
    <author>
      <surname></surname><firstname></firstname>
      <modification_date></modification_date>
    </author>
  </modification_author_group>

</algauthors>


</algorithm>
