<?xml version="1.0" encoding="UTF-8"?>

<algorithm>

<reference>Wulff_1966_126</reference>


<biblioref>

  <authorgroup>
    <author><surname>Wulff</surname><firstname>H.</firstname></author>
  </authorgroup>
  <abbrev>Wulff_1966</abbrev>
  <pagenums>126</pagenums>
  <abbrev2></abbrev2>
  <pagenums2></pagenums2>

</biblioref>


<algorithm_description>

  <algorithm_type>plaster production</algorithm_type>
  <position_in_process>materials</position_in_process>
  <material>plaster</material>
  <source_type>ethnographic</source_type>  
  <source_chronology></source_chronology>
  <source_geography></source_geography>

</algorithm_description>


<algdata>

  <algorithm_statement>Production of gypsum requires a heat source of 100-200 Celcius.</algorithm_statement>
  <algorithm_math>Gypsum requires heat of 100-200 Celcius</algorithm_math>

</algdata>


<algnotes>

  <general_notes>Average of 150 used.</general_notes>
  <biblio_notes></biblio_notes>

</algnotes>


<algauthors>

  <creation_author_group>
    <author>
      <surname>Buccellati</surname><firstname>F.</firstname>
      <creation_date>30.02.2018</creation_date>
    </author>
  </creation_author_group>

  <modification_author_group>
    <author>
      <surname></surname><firstname></firstname>
      <modification_date></modification_date>
    </author>
  </modification_author_group>

</algauthors>


</algorithm>
