<?xml version="1.0" encoding="UTF-8"?>

<algorithm>

<reference>Abrams_1989_70_1</reference>



<biblioref>

  <authorgroup>
    <author>
      <surname>Abrams</surname>
      <firstname>E.</firstname>
    </author>
  </authorgroup>
  <abbrev>Abrams_1989</abbrev>
  <pagenums>70</pagenums>
  <abbrev2>Abrams_1984b</abbrev2>
  <pagenums2>190</pagenums2>

</biblioref>



<algorithm_description>

  <algorithm_type>quarrying tuff</algorithm_type>
  <position_in_process>procurement</position_in_process>
  <material>stone</material>
  <source_type>experimental archaeology</source_type>
  <source_chronology></source_chronology>
  <source_geography>Mesoamerica</source_geography>

</algorithm_description>



<algdata>

  <algorithm_statement>Stone quarrying</algorithm_statement>
  <algorithm_math>1 p-d to quarry 750kg unworked stone</algorithm_math>

  <variables>
    <var1>
      <unit>day</unit><description></description>
      <op>var2 / 750</op>
    </var1>
    <var2>
      <unit>kg</unit><description></description>
      <op>var1 * 750</op>
    </var2>
  </variables>


</algdata>



<algnotes>

  <general_notes></general_notes>
  <biblio_notes></biblio_notes>

</algnotes>



<algauthors>

  <creation_author_group>
    <author>
      <surname>Marko</surname><firstname>J.</firstname>
      <creation_date>22.02.2019</creation_date>
    </author>
  </creation_author_group>

  <modification_author_group>
    <author>
      <surname></surname><firstname></firstname>
      <modification_date></modification_date>
    </author>
  </modification_author_group>

</algauthors>



</algorithm>
