<?xml version="1.0" encoding="UTF-8"?>

<algorithm>

<reference>Buccellati_2016_108</reference>


<biblioref>

  <authorgroup>
    <author><surname>Buccellati</surname><firstname>F.</firstname></author>
  </authorgroup>
  <abbrev>Buccellati_2016</abbrev>
  <pagenums>108</pagenums>
  <abbrev2></abbrev2>
  <pagenums2></pagenums2>

</biblioref>


<algorithm_description>

  <algorithm_type>mudbrick</algorithm_type>
  <position_in_process>materials</position_in_process>
  <material>mudbrick</material>
  <source_type>ethnographic</source_type>  
  <source_chronology>modern</source_chronology>
  <source_geography>ANE</source_geography>

</algorithm_description>


<algdata>

  <algorithm_statement>1 cubic meter of new mudbrick weighs 1502 kg.</algorithm_statement>
  <algorithm_math>1 m3 weighs 1502 kg.</algorithm_math>
  <variables>
    <var1>
      <unit>m3</unit><description></description>
      <op>var2 / 1502</op>
    </var1>
    <var2>
      <unit>kg</unit><description></description>
      <op>var1 * 1502</op>
    </var2>
  </variables>


</algdata>


<algnotes>

  <general_notes></general_notes>
  <biblio_notes></biblio_notes>

</algnotes>


<algauthors>

  <creation_author_group>
    <author>
      <surname>Buccellati</surname><firstname>F.</firstname>
      <creation_date>30.02.2018</creation_date>
    </author>
  </creation_author_group>

  <modification_author_group>
    <author>
      <surname></surname><firstname></firstname>
      <modification_date></modification_date>
    </author>
  </modification_author_group>

</algauthors>


</algorithm>
