<?xml version="1.0" encoding="UTF-8"?>
<algorithm>


<reference>Brunke_2016_261</reference>


<biblioref>

  <source>
    <author><surname>Brunke</surname><firstname>H.</firstname></author>
    <author><surname>Bukowieki</surname><firstname>E.</firstname></author>
    <author><surname>Cancik-Kirschbaum</surname><firstname>E.</firstname></author>
    <author><surname>Eichmann</surname><firstname>R.</firstname></author>
    <author><surname>van Ess</surname><firstname>M.</firstname></author>
    <author><surname>Gass</surname><firstname>A.</firstname></author>
    <author><surname>Gussone</surname><firstname>M.</firstname></author>
    <author><surname>Hageneuer</surname><firstname>S.</firstname></author>
    <author><surname>Hansen</surname><firstname>S.</firstname></author>
    <author><surname>Kogge</surname><firstname>W.</firstname></author>
    <author><surname>May</surname><firstname>J.</firstname></author>
    <author><surname>Parzinger</surname><firstname>H.</firstname></author>
    <author><surname>Pedersen</surname><firstname>O.</firstname></author>
    <author><surname>Sack</surname><firstname>D.</firstname></author>
    <author><surname>Schopper</surname><firstname>F.</firstname></author>
    <author><surname>Wulf-Rheidt</surname><firstname>U.</firstname></author>
    <author><surname>Ziemssen</surname><firstname>H.</firstname></author>
    <author><surname>Grasshoff</surname><firstname>G.</firstname></author>
    <author><surname>Meyer</surname><firstname>M.</firstname></author>

    <year>2016</year>
    <pagenums>261</pagenums>
  </source>

  <cited>
    <author><surname>Heimpel</surname><firstname>W.</firstname></author>
    <year>2009</year>
    <pagenums>223</pagenums>
  </cited>

</biblioref>



<algorithm_description>

  <algorithm_type>mudbrick</algorithm_type>
  <position_in_process>manufacture</position_in_process>
  <material>mudbrick</material>
  <source_type>text</source_type>
  <source_chronology></source_chronology>
  <source_geography>Near East</source_geography>

</algorithm_description>



<algdata>

  <algorithm_statement>A wage of mudbrick production for labourers was 3 litres of barley per 1 female person per day</algorithm_statement>
  <algorithm_math>3 l of barley per 1 p-d</algorithm_math>
  <variables>
    <var1>
      <unit>p-d</unit><description></description>
      <op>var2 / 3</op>
    </var1>
    <var2>
      <unit>l</unit><description></description>
      <op>var1 * 3</op>
    </var2>
  </variables>

</algdata>



<algnotes>

  <general_notes>The wage of barley in  historical textual materials differs between male and female workers.</general_notes>
  <biblio_notes>The author does not mention how many person-hours were included in one person-day.</biblio_notes>

</algnotes>



<algauthors>

  <creation>
    <author><surname>Buccellati</surname><firstname>F.</firstname></author>
    <author><surname>Marko</surname><firstname>J.</firstname><date>15.6.2019</date></author>
  </creation>

  <modification>
    <author><surname></surname><firstname></firstname><date></date></author>
  </modification>

</algauthors>



</algorithm>