<?xml version="1.0" encoding="UTF-8"?>
<algorithm>


<reference>Abrams_1989_70_4</reference>


<biblioref>

  <source>
    <author><surname>Abrams</surname><firstname>E.</firstname></author>
    <year>1989</year>
    <pagenums>70</pagenums>
  </source>

  <cited>
    <author><surname>Abrams</surname><firstname>E.</firstname></author>
    <year>1984</year>
    <pagenums>190</pagenums>
  </cited>

</biblioref>



<algorithm_description>

  <algorithm_type>collecting grass</algorithm_type>
  <position_in_process>procurement</position_in_process>
  <material>grass</material>
  <source_type>experimental archaeology</source_type>
  <source_chronology></source_chronology>
  <source_geography>Mesoamerica</source_geography>

</algorithm_description>



<algdata>

  <algorithm_statement>Grass collecting</algorithm_statement>
  <algorithm_math>1 p-d to collect 150kg grass</algorithm_math>
  <variables>
    <var1>
      <unit>day</unit><description></description>
      <op>var2 /150</op>
    </var1>
    <var2>
      <unit>kg</unit><description></description>
      <op>var1 * 150</op>
    </var2>
  </variables>

</algdata>



<algnotes>

  <general_notes></general_notes>
  <biblio_notes></biblio_notes>

</algnotes>



<algauthors>

  <creation>
    <author><surname>Buccellati</surname><firstname>F.</firstname></author>
    <author><surname>Marko</surname><firstname>J.</firstname><date>23.2.2019</date></author>
  </creation>

  <modification>
    <author><surname></surname><firstname></firstname><date></date></author>
  </modification>

</algauthors>



</algorithm>
