<?xml version="1.0" encoding="UTF-8"?>

<algorithm>

<reference>Cornerstones_2006_133</reference>


<biblioref>

  <source>
    <author><surname>Cornerstones Community Partnerships Staff</surname><firstname></firstname></author>
    <year>2006</year>
    <pagenums>133</pagenums>
  </source>

  <cited>
    <author><surname></surname><firstname></firstname></author>
    <year></year>
    <pagenums></pagenums>
  </cited>

</biblioref>


<algorithm_description>

  <algorithm_type>plaster production</algorithm_type>
  <position_in_process>materials</position_in_process>
  <material>plaster</material>
  <source_type>ethnographic</source_type>
  <source_chronology></source_chronology>
  <source_geography></source_geography>

</algorithm_description>


<algdata>

  <algorithm_statement>Production of lime requires a heat source of 900 Celsius for 36 hours.</algorithm_statement>
  <algorithm_math>Lime requires heat of 900 Celsius</algorithm_math>



</algdata>


<algnotes>

  <general_notes>See Cornerstones Community Partnerships 2006 p.132 for gypsum as a parallel.</general_notes>
  <biblio_notes></biblio_notes>

</algnotes>


<algauthors>

  <creation>
    <author><surname>Buccellati</surname><firstname>F.</firstname><date>30.02.2018</date></author>
  </creation>

  <modification>
    <author><surname></surname><firstname></firstname><date></date></author>
  </modification>

</algauthors>


</algorithm>
