<?xml version="1.0" encoding="UTF-8"?>
<algorithm>


<reference>Fitzsimons_2014_96</reference>


<biblioref>

  <source>
    <author><surname>Fitzsimons</surname><firstname>R.</firstname></author>
    <year>2014</year>
    <pagenums>96</pagenums>
  </source>

  <cited>
    <author><surname>Time-Life Books</surname><firstname></firstname></author>
    <year>1993</year>
    <pagenums>47-48</pagenums>
  </cited>

</biblioref>



<algorithm_description>

  <algorithm_type>transport</algorithm_type>
  <position_in_process>transport</position_in_process>
  <material>stone</material>
  <source_type>experimental archaeology</source_type>
  <source_chronology>modern</source_chronology>
  <source_geography>Egypt</source_geography>

</algorithm_description>



<algdata>

  <algorithm_statement>Transporting a 7 ton stone statue by 130 men through a distance of 1 km in 17 days</algorithm_statement>
  <algorithm_math>Number of p-d = (kg -weight- / 1000) * (m -distance- / 3,1578)</algorithm_math>
  <variables>
    <var1>
      <unit>kg</unit><description>weight</description>
      <op></op>
    </var1>
    <var2>
      <unit>m</unit><description>distance</description>
      <op></op>
    </var2>
  </variables>


  <results>
    <result1>
      <value></value><description></description>
      <op>(var1 / 1000) * (var2 / 3,1578)</op>
      <unit>p-d</unit>
    </result1>
  </results>

</algdata>



<algnotes>

  <general_notes>The author does not mention the number of hours worked in one person-day</general_notes>
  <biblio_notes></biblio_notes>

</algnotes>



<algauthors>

  <creation>
    <author><surname>Buccellati</surname><firstname>F.</firstname></author>
    <author><surname>Marko</surname><firstname>J.</firstname><date>11.6.2019</date></author>
  </creation>

  <modification>
    <author><surname></surname><firstname></firstname><date></date></author>
  </modification>

</algauthors>



</algorithm>