<?xml version="1.0" encoding="UTF-8"?>
<algorithm>


<reference>UN_1957_7</reference>


<biblioref>

  <source>
    <author><surname>United Nations</surname><firstname></firstname></author>
    <year>1957</year>
    <abbrev>UN_1957</abbrev>
    <pagenums>7</pagenums>
  </source>

  <cited>
    <author><surname>Taniguchi</surname><firstname>S.</firstname></author>
    <year></year>
    <pagenums>55</pagenums>
  </cited>

</biblioref>



<algorithm_description>

  <algorithm_type>earth digging</algorithm_type>
  <position_in_process>materials</position_in_process>
  <material>earth</material>
  <source_type>ethnographic</source_type>
  <source_chronology>modern</source_chronology>
  <source_geography>Japan</source_geography>

</algorithm_description>



<algdata>

  <algorithm_statement>1,7 m3 soft soil can be excavated per person per hour</algorithm_statement>
  <algorithm_math>1,7 m3 soft soil in 1 p-h</algorithm_math>
  <variables>
    <var1>
      <unit>p-h</unit><description></description>
      <op>var2 / 1,7</op>
    </var1>
    <var2>
      <unit>m3</unit><description></description>
      <op>var1 * 1,7</op>
    </var2>
  </variables>

</algdata>



<algnotes>

  <general_notes>Data was converted from  work days to person-hours. Author refers to 7 hour work day</general_notes>
  <biblio_notes>In the UN article is discussed different hardness of the soil. For further types see UN_1957_1-5</biblio_notes>

</algnotes>



<algauthors>

  <creation>
    <author><surname>Buccellati</surname><firstname>F.</firstname></author>
    <author><surname>Marko</surname><firstname>J.</firstname><date>10.3.2019</date></author>
  </creation>

  <modification>
    <author><surname></surname><firstname></firstname><date></date></author>
  </modification>

</algauthors>



</algorithm>
