<?xml version="1.0" encoding="UTF-8"?>

<algorithm>

<reference>Abrams_1994_49_1</reference>


<biblioref>

  <source>
    <author><surname>Abrams</surname><firstname>E.</firstname></author>
    <year>1994</year>
    <pagenums>49</pagenums>
  </source>

  <cited>
    <author><surname>Abrams</surname><firstname>E.</firstname></author>
    <year>1984</year>
    <pagenums></pagenums>
  </cited>

</biblioref>


<algorithm_description>

  <algorithm_type>sculpturing</algorithm_type>
  <position_in_process>manufacture</position_in_process>
  <material>stone</material>
  <source_type>ethnographic</source_type>
  <source_chronology></source_chronology>
  <source_geography>Mesoamerica</source_geography>

</algorithm_description>


<algdata>

  <algorithm_statement>Sculpting stone (simple)</algorithm_statement>
  <algorithm_math>Scultor carving simple motifs onto stone (measured in carved surface area)</algorithm_math>
  <variables>
    <var1>
      <unit>cm2</unit><description></description>
      <op>var2 * 321</op>
    </var1>
    <var2>
      <unit>p-h</unit><description></description>
      <op>var1 / 321</op>
    </var2>
  </variables>

</algdata>


<algnotes>

  <general_notes></general_notes>
  <biblio_notes>See also Abrams_1994_44. bi - Abrams 1984 given as Abrams 1984b in Abrams 1994.</biblio_notes>

</algnotes>


<algauthors>

  <creation>
    <author><surname>Buccellati</surname><firstname>F.</firstname><date>30.02.2018</date></author>
  </creation>

  <modification>
    <author><surname></surname><firstname></firstname><date></date></author>
  </modification>

</algauthors>


</algorithm>
