<?xml version="1.0" encoding="UTF-8"?>
<algorithm>


<reference>Harper_2016_522</reference>


<biblioref>

  <source>
    <author><surname>Harper</surname><firstname>C.R.</firstname></author>
    <year>2016</year>
    <pagenums>522</pagenums>
  </source>

  <cited>
    <author><surname>Devolder</surname><firstname>M.</firstname></author>
    <year>2013</year>
    <pagenums>24-7</pagenums>
  </cited>

</biblioref>



<algorithm_description>

  <algorithm_type>transport</algorithm_type>
  <position_in_process>transport</position_in_process>
  <material></material>
  <source_type></source_type>
  <source_chronology></source_chronology>
  <source_geography></source_geography>

</algorithm_description>



<algdata>

  <algorithm_statement>Transportation</algorithm_statement>
  <algorithm_math>Certain number of p-h = (kg -weight- / 2100) * (2 * km -distance- / 1,67)</algorithm_math>
  <variables>
    <var1>
      <unit>kg</unit><description>weight</description>
      <op></op>
    </var1>
    <var2>
      <unit>km</unit><description>distance</description>
      <op></op>
    </var2>
  </variables>


  <results>
    <result1>
      <value></value><description></description>
      <op>(var1 / 2100) * (2 * var2 / 1,67)</op>
      <unit>p-h</unit>
    </result1>
  </results>

</algdata>



<algnotes>

  <general_notes>The capacity of the Wagon is under 2100 kg and it is dragged by single ox over a flat surface. This rate includes the return trip and relies on a walking speed of 1,67 km/h.</general_notes>
  <biblio_notes></biblio_notes>

</algnotes>



<algauthors>

  <creation>
    <author><surname>Buccellati</surname><firstname>F.</firstname></author>
    <author><surname>Marko</surname><firstname>J.</firstname><date>22.5.2019</date></author>
  </creation>

  <modification>
    <author><surname></surname><firstname></firstname><date></date></author>
  </modification>

</algauthors>



</algorithm>