<?xml version="1.0" encoding="UTF-8"?>
<algorithm>


<reference>Fitzsimons_2014_97</reference>


<biblioref>

  <source>
    <author><surname>Fitzsimons</surname><firstname>R.</firstname></author>
    <year>2014</year>
    <pagenums>97</pagenums>
  </source>

  <cited>
    <author><surname>Cavanagh</surname><firstname></firstname></author>
    <year>1999</year>
    <pagenums>96</pagenums>
  </cited>

</biblioref>



<algorithm_description>

  <algorithm_type>transport</algorithm_type>
  <position_in_process>transport</position_in_process>
  <material>stone</material>
  <source_type>experimental archaeology</source_type>
  <source_chronology>modern</source_chronology>
  <source_geography></source_geography>

</algorithm_description>



<algdata>

  <algorithm_statement>10 men are possible to transport 1 ton</algorithm_statement>
  <algorithm_math></algorithm_math>
  <variables>
    <var1>
      <unit></unit><description></description>
      <op></op>
    </var1>
    <var2>
      <unit></unit><description></description>
      <op></op>
    </var2>

  </variables>

</algdata>



<algnotes>

  <general_notes>Author refers to managable transportation of lintel blocks. One weights 1000kg and 10 men can manage it to transport.</general_notes>
  <biblio_notes></biblio_notes>

</algnotes>



<algauthors>

  <creation>
    <author><surname>Buccellati</surname><firstname>F.</firstname></author>
    <author><surname>Marko</surname><firstname>J.</firstname><date>12.6.2019</date></author>
  </creation>

  <modification>
    <author><surname></surname><firstname></firstname><date></date></author>
  </modification>

</algauthors>



</algorithm>