<?xml version="1.0" encoding="UTF-8"?>
<algorithm>


<reference>Harper_2016_521</reference>


<biblioref>

  <source>
    <author><surname>Harper</surname><firstname>C.</firstname></author>
    <year>2016</year>
    <pagenums>521</pagenums>
  </source>

  <cited>
    <author><surname></surname><firstname></firstname></author>
    <year></year>
    <pagenums></pagenums>
  </cited>

</biblioref>



<algorithm_description>

  <algorithm_type>wood cutting</algorithm_type>
  <position_in_process>procurement</position_in_process>
  <material>wood</material>
  <source_type></source_type>
  <source_chronology></source_chronology>
  <source_geography></source_geography>

</algorithm_description>



<algdata>

  <algorithm_statement>wood was cut in one person-hour</algorithm_statement>
  <algorithm_math>0,2 m3 cut in 1 p-h</algorithm_math>
  <variables>
    <var1>
      <unit>p-h</unit><description></description>
      <op>var2 / 0,2</op>
    </var1>
    <var2>
      <unit>m3</unit><description></description>
      <op>var1 * 0,2</op>
    </var2>
  </variables>

</algdata>



<algnotes>

  <general_notes>According to Harper, trees with 0,15 m in diameter and with 5,5 m height were cut. The action includes preparing the tree by removing bark, limbs, and top.</general_notes>
  <biblio_notes></biblio_notes>

</algnotes>



<algauthors>

  <creation>
    <author><surname>Buccellati</surname><firstname>F.</firstname></author>
    <author><surname>Marko</surname><firstname>J.</firstname><date>22.5.2019</date></author>
  </creation>

  <modification>
    <author><surname></surname><firstname></firstname><date></date></author>
  </modification>

</algauthors>



</algorithm>