<?xml version="1.0" encoding="UTF-8"?>
<algorithm>


<reference>Milner_2009_108</reference>


<biblioref>

  <source>
    <author><surname>Milner</surname><firstname>G.</firstname></author>
    <year>2009</year>
    <pagenums>108</pagenums>
  </source>

  <cited>
    <author><surname></surname><firstname></firstname></author>
    <year></year>
    <pagenums></pagenums>
  </cited>

</biblioref>



<algorithm_description>

  <algorithm_type>earth digging</algorithm_type>
  <position_in_process>materials</position_in_process>
  <material>earth</material>
  <source_type>experimental archaeology</source_type>
  <source_chronology>modern</source_chronology>
  <source_geography>Mesoamerica</source_geography>

</algorithm_description>



<algdata>

  <algorithm_statement>1 p-h excavating average 1,64 m3 of soil</algorithm_statement>
  <algorithm_math>1 p-h dig 1,64 m3</algorithm_math>
  <variables>
    <var1>
      <unit>p-h</unit><description></description>
      <op>var2 / 1,64</op>
    </var1>
    <var2>
      <unit>m3</unit><description></description>
      <op>var1 * 1,64</op>
    </var2>
  </variables>

</algdata>



<algnotes>

  <general_notes>Author refers to 5 hour work days. Stone hoes were used for excavating the soil.</general_notes>
  <biblio_notes></biblio_notes>

</algnotes>



<algauthors>

  <creation>
    <author><surname>Buccellati</surname><firstname>F.</firstname></author>
    <author><surname>Marko</surname><firstname>J.</firstname><date>26.4.2019</date></author>
  </creation>

  <modification>
    <author><surname></surname><firstname></firstname><date></date></author>
  </modification>

</algauthors>



</algorithm>