<?xml version="1.0" encoding="UTF-8"?>

<algorithm>

<reference>Abrams_1994_46_1</reference>


<biblioref>

  <authorgroup>
    <author><surname>Abrams</surname><firstname>E.</firstname></author>
  </authorgroup>
  <abbrev>Abrams_1994</abbrev>
  <pagenums>46</pagenums>
  <abbrev2></abbrev2>
  <pagenums2></pagenums2>

</biblioref>


<algorithm_description>

  <algorithm_type>quarrying tuff</algorithm_type>

  <position_in_process>procurement</position_in_process>
  <material>stone</material>
  <source_type>ethnographic</source_type>
  <source_chronology></source_chronology>
  <source_geography>Mesoamerica</source_geography>

</algorithm_description>


<algdata>

  <algorithm_statement>Amount of wastage when making masonry blocks</algorithm_statement>
  <algorithm_math>Amount of wastage when making masonry blocks from rough stone: 45% (v1 is original amount of rough stone, v2 is finished masonry blocks)</algorithm_math>
  <variables>
    <var1>
      <unit>kg</unit><description></description>
      <op>var2 / 0.55</op>
    </var1>
    <var2>
      <unit>kg</unit><description></description>
      <op>var1 * 0.55</op>
    </var2>
  </variables>

</algdata>


<algnotes>

  <general_notes></general_notes>
  <biblio_notes></biblio_notes>

</algnotes>


<algauthors>

  <creation_author_group>
    <author>
      <surname>Buccellati</surname><firstname>F.</firstname>
      <creation_date>30.02.2018</creation_date>
    </author>
  </creation_author_group>

  <modification_author_group>
    <author>
      <surname></surname><firstname></firstname>
      <modification_date></modification_date>
    </author>
  </modification_author_group>

</algauthors>


</algorithm>
