<?xml version="1.0" encoding="UTF-8"?>

<algorithm>

<reference>Abrams_1994_47_2</reference>


<biblioref>

  <authorgroup>
    <author><surname>Abrams</surname><firstname>E.</firstname></author>
  </authorgroup>
  <abbrev>Abrams_1994</abbrev>
  <pagenums>47</pagenums>
  <abbrev2></abbrev2>
  <pagenums2></pagenums2>

</biblioref>


<algorithm_description>

  <algorithm_type>building cobbles</algorithm_type>

  <position_in_process>construction</position_in_process>
  <material>stone</material>
  <source_type>ethnographic</source_type>
  <source_chronology></source_chronology>
  <source_geography>Mesoamerica</source_geography>

</algorithm_description>


<algdata>

  <algorithm_statement>Percentage of cobbles in fill</algorithm_statement>
  <algorithm_math>Cobble fill contains 1:2 cobbles to earth (v1 is cobbles, v2 earth)</algorithm_math>
  <variables>
    <var1>
      <unit>m3</unit><description></description>
      <op>var2 / 2</op>
    </var1>
    <var2>
      <unit>m3</unit><description></description>
      <op>var1 * 2</op>
    </var2>
  </variables>

</algdata>


<algnotes>

  <general_notes>Range varies widely, Abrams gives an average but cites two examples where cobbles are 47% and 24%.</general_notes>
  <biblio_notes></biblio_notes>

</algnotes>


<algauthors>

  <creation_author_group>
    <author>
      <surname>Buccellati</surname><firstname>F.</firstname>
      <creation_date>30.02.2018</creation_date>
    </author>
  </creation_author_group>

  <modification_author_group>
    <author>
      <surname></surname><firstname></firstname>
      <modification_date></modification_date>
    </author>
  </modification_author_group>

</algauthors>


</algorithm>
