<?xml version="1.0" encoding="UTF-8"?>

<algorithm>

<reference>Abrams_1995_197</reference>



<biblioref>

  <authorgroup>
    <author>
      <surname>Abrams</surname>
      <firstname>E.</firstname>
    </author>
  </authorgroup>
  <abbrev>Abrams_1995</abbrev>
  <pagenums>197</pagenums>
  <abbrev2>Foust and deSouza_1978</abbrev2>
  <pagenums2>25</pagenums2>

</biblioref>



<algorithm_description>

  <algorithm_type>labor measuring</algorithm_type>
  <position_in_process>production</position_in_process>
  <material>Maize</material>
  <source_type></source_type>  
  <source_chronology>Classic Maya</source_chronology>
  <source_geography>Mesoamerica</source_geography>

</algorithm_description>



<algdata>

  <algorithm_statement>Measuring labor productivity as factor of number of workers</algorithm_statement>
  <algorithm_math></algorithm_math>
  <variables>
    <var1>
      <value></value><description></description>
      <unit></unit>
      <op></op>
    </var1>
    <var2>
      <value></value><description></description>
      <unit></unit>
      <op></op>
    </var2>
  </variables>

<!-- comment  and so on for as many variables as needed, up to 9, always seperated by an _op_  -->

  <results>
    <result1>
      <value></value><description></description>
      <op></op>
      <unit></unit>
    </result1>
    <result2>
      <value></value><description></description>
      <op></op>
      <unit></unit>
    </result2>
  </results>
  
<!-- comment   and so on for as many results as needed, up to 9 -->

</algdata>



<algnotes>

  <general_notes></general_notes>
  <biblio_notes>Abrams discusses efficiency of maize collecting as factor relating to number of workers: highest yield per worker is found with 4 workers.</biblio_notes>

</algnotes>



<algauthors>

  <creation_author_group>
    <author><surname>Marko</surname><firstname>J.</firstname></author>
    <creation_date>22.2.2019</creation_date>
  </creation_author_group>

  <modification_author_group>
    <author><firstname></firstname><surname></surname></author>
    <creation_date></creation_date>
  </modification_author_group>

</algauthors>



</algorithm>
