<?xml version="1.0" encoding="UTF-8"?>

<algorithm>

<reference></reference>



<biblioref>

  <authorgroup>
    <author>
      <surname>Abrams</surname>
      <firstname>E.</firstname>
    </author>
  </authorgroup>
  <abbrev>Abrams_1989</abbrev>
  <pagenums>70</pagenums>
  <abbrev2>Abrams_1984b</abbrev2>
  <pagenums2>190</pagenums2>

</biblioref>



<algorithm_description>

  <algorithm_type>collecting water</algorithm_type>
  <position_in_process>procurement</position_in_process>
  <material>water</material>
  <source_type>experimental archaeology</source_type>  
  <source_chronology></source_chronology>
  <source_geography>Mesoamerica</source_geography>

</algorithm_description>



<algdata>

  <algorithm_statement>Water collecting</algorithm_statement>
  <algorithm_math>1 person collected 3000 litres in one hour</algorithm_math>
  <variables>
    <var1>
      <value></value><description></description>
      <unit>hr</unit>
      <op>var2 / 3000</op>
    </var1>
    <var2>
      <value></value><description></description>
      <unit>l</unit>
      <op>var1 * 3000</op>
    </var2>
  </variables>

<!-- comment  and so on for as many variables as needed, up to 9, always seperated by an _op_  -->

  <results>
    <result1>
      <value></value><description></description>
      <op></op>
      <unit></unit>
    </result1>
    <result2>
      <value></value><description></description>
      <op></op>
      <unit></unit>
    </result2>
  </results>
  
<!-- comment   and so on for as many results as needed, up to 9 -->

</algdata>



<algnotes>

  <general_notes>Water collecting was converted from seconds to an hour - 10 litres per 12 seconds</general_notes>
  <biblio_notes></biblio_notes>

</algnotes>



<algauthors>

  <creation_author_group>
    <author><surname>Marko</surname><firstname>J.</firstname></author>
    <creation_date>22.2.2019</creation_date>
  </creation_author_group>

  <modification_author_group>
    <author><firstname></firstname><surname></surname></author>
    <creation_date></creation_date>
  </modification_author_group>

</algauthors>



</algorithm>
