﻿<?xml version="1.0" encoding="UTF-8"?>

<algorithm>

<reference>Brunke_2016_261</reference>



<biblioref>

  <authorgroup>
    <author>
      <surname>Brunke</surname>
      <firstname>H.</firstname>
    </author>
  </authorgroup>
  <abbrev>Brunke_2016</abbrev>
  <pagenums>261</pagenums>
  <abbrev2>Heimpel_2009</abbrev2>
  <pagenums2>226</pagenums2>

</biblioref>



<algorithm_description>

  <algorithm_type>transport</algorithm_type>
  <position_in_process>transport</position_in_process>
  <material>mudbrick</material>
  <source_type></source_type>
  <source_chronology></source_chronology>
  <source_geography>Ancient Near East</source_geography>

</algorithm_description>



<algdata>

  <algorithm_statement>One worker could carry 100 bricks at 5 kg over a distance of 972m in one day.</algorithm_statement>
  <algorithm_math>500 kg of mudbricks carried over 972 m in 1 p-d</algorithm_math>
  <variables>
    <var1>
      <value></value><description>weight</description>
      <unit>kg</unit>
      <op></op>
    </var1>
    <var2>
      <value></value><description>distance</description>
      <unit>m</unit>
      <op></op>
    </var2>
  </variables>

<!-- comment  and so on for as many variables as needed, up to 9, always seperated by an _op_  -->

  <results>
    <result1>
      <value></value><description></description>
      <op>(var1 / 972) * (var2 / 500)</op>
      <unit>p-d</unit>
    </result1>
    <result2>
      <value></value><description></description>
      <op></op>
      <unit></unit>
    </result2>
  </results>
  
<!-- comment   and so on for as many results as needed, up to 9 -->

</algdata>



<algnotes>

  <general_notes>Author refers to a weight of one brick that was aproximatrely 5 kg.</general_notes>
  <biblio_notes>The author does not mention how many person-hours were included in one person-day.</biblio_notes>

</algnotes>



<algauthors>

  <creation_author_group>
    <author><surname>Marko</surname><firstname>J.</firstname></author>
    <creation_date>15.6.2019</creation_date>
  </creation_author_group>

  <modification_author_group>
    <author><firstname></firstname><surname></surname></author>
    <creation_date></creation_date>
  </modification_author_group>

</algauthors>



</algorithm>