﻿<?xml version="1.0" encoding="UTF-8"?>

<algorithm>

<reference>Brysbaert_2015_96</reference>



<biblioref>

  <authorgroup>
    <author>
      <surname>Brysbaert</surname>
      <firstname>A.</firstname>
    </author>
  </authorgroup>
  <abbrev>Brysbaert_2015</abbrev>
  <pagenums>96</pagenums>
  <abbrev2>Pakkanen_2013</abbrev2>
  <pagenums2>45</pagenums2>

</biblioref>



<algorithm_description>

  <algorithm_type>transport</algorithm_type>
  <position_in_process>transport</position_in_process>
  <material>stone</material>
  <source_type>textual material</source_type>
  <source_chronology></source_chronology>
  <source_geography>classical - Greek</source_geography>

</algorithm_description>



<algdata>

  <algorithm_statement>Transportation</algorithm_statement>
  <algorithm_math>Certain number of p-h = (kg -weight- / 1000) * (m -distance- / 0,007)</algorithm_math>
  <variables>
    <var1>
      <value></value><description>weight</description>
      <unit>kg</unit>
      <op></op>
    </var1>
    <var2>
      <value></value><description>distance</description>
      <unit>m</unit>
      <op></op>
    </var2>
  </variables>

<!-- comment  and so on for as many variables as needed, up to 9, always seperated by an _op_  -->

  <results>
    <result1>
      <value></value><description></description>
      <op>(var1 / 1000) * ( var2 / 0,007)</op>
      <unit>p-h</unit>
    </result1>
    <result2>
      <value></value><description></description>
      <op></op>
      <unit></unit>
    </result2>
  </results>
  
<!-- comment   and so on for as many results as needed, up to 9 -->

</algdata>



<algnotes>

  <general_notes>The author refers to human labour costs needed to bring oxen yokes to a certain place one kilometer away.</general_notes>
  <biblio_notes>Data were already calculated by author in this position: 0,7 p-d/1ton/1km. Data were converted to person-hours as the author previously refers to 10 hour work days.</biblio_notes>

</algnotes>



<algauthors>

  <creation_author_group>
    <author><surname>Marko</surname><firstname>J.</firstname></author>
    <creation_date>14.6.2019</creation_date>
  </creation_author_group>

  <modification_author_group>
    <author><firstname></firstname><surname></surname></author>
    <creation_date></creation_date>
  </modification_author_group>

</algauthors>



</algorithm>