﻿<?xml version="1.0" encoding="UTF-8"?>

<algorithm>

<reference>Brysbaert_2015_98</reference>



<biblioref>

  <authorgroup>
    <author>
      <surname>Brysbaert</surname>
      <firstname>A.</firstname>
    </author>
  </authorgroup>
  <abbrev>Brysbaert_2015</abbrev>
  <pagenums>98</pagenums>
  <abbrev2>DeLaine_1997</abbrev2>
  <pagenums2>107, 268</pagenums2>

</biblioref>



<algorithm_description>

  <algorithm_type>earth digging</algorithm_type>
  <position_in_process>procurement</position_in_process>
  <material>earth</material>
  <source_type></source_type>
  <source_chronology></source_chronology>
  <source_geography></source_geography>

</algorithm_description>



<algdata>

  <algorithm_statement>Excavating earth and throwing behind in p-h</algorithm_statement>
  <algorithm_math>1 m3 of soil in 1,5 p-h</algorithm_math>
  <variables>
    <var1>
      <value>1</value><description></description>
      <unit>m3</unit>
      <op>var2 * 1</op>
    </var1>
    <var2>
      <value>1,5</value><description></description>
      <unit>p-h</unit>
      <op>var1 / 1</op>
    </var2>
  </variables>

<!-- comment  and so on for as many variables as needed, up to 9, always seperated by an _op_  -->

  <results>
    <result1>
      <value></value><description></description>
      <op></op>
      <unit></unit>
    </result1>
    <result2>
      <value></value><description></description>
      <op></op>
      <unit></unit>
    </result2>
  </results>
  
<!-- comment   and so on for as many results as needed, up to 9 -->

</algdata>



<algnotes>

  <general_notes></general_notes>
  <biblio_notes>The author mentiones p-d as an unit. Data was converted to p-h and I assume that she refers to 10 hour work days as in the whole article.</biblio_notes>

</algnotes>



<algauthors>

  <creation_author_group>
    <author><surname>Marko</surname><firstname>J.</firstname></author>
    <creation_date>15.6.2019</creation_date>
  </creation_author_group>

  <modification_author_group>
    <author><firstname></firstname><surname></surname></author>
    <creation_date></creation_date>
  </modification_author_group>

</algauthors>



</algorithm>