﻿<?xml version="1.0" encoding="UTF-8"?>

<algorithm>

<reference>Brysbaert_2015_96</reference>



<biblioref>

  <authorgroup>
    <author>
      <surname>Brysbaert</surname>
      <firstname>A.</firstname>
    </author>
  </authorgroup>
  <abbrev>Brysbaert_2015</abbrev>
  <pagenums>96</pagenums>
  <abbrev2>De Hann_2009</abbrev2>
  <pagenums2>7</pagenums2>

</biblioref>



<algorithm_description>

  <algorithm_type>transport</algorithm_type>
  <position_in_process>loading</position_in_process>
  <material>stone</material>
  <source_type></source_type>
  <source_chronology></source_chronology>
  <source_geography></source_geography>

</algorithm_description>



<algdata>

  <algorithm_statement>Loading large limestone blocks in 20 minutes by 8 men</algorithm_statement>
  <algorithm_math>Loading and unloading of maximum 2,5 - 3,5 tonne blocks can be done in 2,66666 p-h</algorithm_math>
  <variables>
    <var1>
      <value>2,66666</value><description></description>
      <unit>p-h</unit>
      <op>var2 / 2,66666</op>
    </var1>
    <var2>
      <value>3500</value><description></description>
      <unit>kg</unit>
      <op>var1 * 2,66666</op>
    </var2>
  </variables>

<!-- comment  and so on for as many variables as needed, up to 9, always seperated by an _op_  -->

  <results>
    <result1>
      <value></value><description></description>
      <op></op>
      <unit></unit>
    </result1>
    <result2>
      <value></value><description></description>
      <op></op>
      <unit></unit>
    </result2>
  </results>
  
<!-- comment   and so on for as many results as needed, up to 9 -->

</algdata>



<algnotes>

  <general_notes></general_notes>
  <biblio_notes>In the algorithm, the maximum of weight was taken into account, which is 3500 kg.</biblio_notes>

</algnotes>



<algauthors>

  <creation_author_group>
    <author><surname>Marko</surname><firstname>J.</firstname></author>
    <creation_date>15.6.2019</creation_date>
  </creation_author_group>

  <modification_author_group>
    <author><firstname></firstname><surname></surname></author>
    <creation_date></creation_date>
  </modification_author_group>

</algauthors>



</algorithm>