﻿<?xml version="1.0" encoding="UTF-8"?>

<algorithm>

<reference>Brysbaert_2015_94</reference>



<biblioref>

  <authorgroup>
    <author>
      <surname>Brysbaert</surname>
      <firstname>A.</firstname>
    </author>
  </authorgroup>
  <abbrev>Brysbaert_2015</abbrev>
  <pagenums>94</pagenums>
  <abbrev2>Bessac_2007</abbrev2>
  <pagenums2>136</pagenums2>

</biblioref>



<algorithm_description>

  <algorithm_type>quarrying limestone</algorithm_type>
  <position_in_process>procurement</position_in_process>
  <material>stone</material>
  <source_type>experimental archaeology</source_type>
  <source_chronology></source_chronology>
  <source_geography></source_geography>

</algorithm_description>



<algdata>

  <algorithm_statement>0,1 m3 of stone was quarried in 1 p-h</algorithm_statement>
  <algorithm_math>0,1 m3 made in 1 p-h</algorithm_math>
  <variables>
    <var1>
      <value>1</value><description></description>
      <unit>p-h</unit>
      <op>var2 / 0,1</op>
    </var1>
    <var2>
      <value>0,1</value><description></description>
      <unit>m3</unit>
      <op>var1 * 0,1</op>
    </var2>
  </variables>

<!-- comment  and so on for as many variables as needed, up to 9, always seperated by an _op_  -->

  <results>
    <result1>
      <value></value><description></description>
      <op></op>
      <unit></unit>
    </result1>
    <result2>
      <value></value><description></description>
      <op></op>
      <unit></unit>
    </result2>
  </results>
  
<!-- comment   and so on for as many results as needed, up to 9 -->

</algdata>



<algnotes>

  <general_notes>Author refers to 10 hour work days.</general_notes>
  <biblio_notes></biblio_notes>

</algnotes>



<algauthors>

  <creation_author_group>
    <author><surname>Marko</surname><firstname>J.</firstname></author>
    <creation_date>14.6.2019</creation_date>
  </creation_author_group>

  <modification_author_group>
    <author><firstname></firstname><surname></surname></author>
    <creation_date></creation_date>
  </modification_author_group>

</algauthors>



</algorithm>