<?xml version="1.0" encoding="UTF-8"?>

<algorithm>

<reference>Buccellati_2016_109</reference>


<biblioref>

  <authorgroup>
    <author><surname>Buccellati</surname><firstname>F.</firstname></author>
  </authorgroup>
  <abbrev>Buccellati_2016</abbrev>
  <pagenums>109</pagenums>
  <abbrev2></abbrev2>
  <pagenums2></pagenums2>

</biblioref>


<algorithm_description>

  <algorithm_type>mudbrick</algorithm_type>
  <position_in_process>materials</position_in_process>
  <material>mudbrick</material>
  <source_type>ethnographic</source_type>  
  <source_chronology>Bronze Age</source_chronology>
  <source_geography>ANE</source_geography>

</algorithm_description>


<algdata>

  <algorithm_statement>1 cubic meter of mudbrick from excavations weighs 1392 kg.</algorithm_statement>
  <algorithm_math>1 m3 weighs 1392 kg.</algorithm_math>
  <variables>
    <var1>
      <unit>m3</unit><description></description>
      <op>var2 / 1392</op>
    </var1>
    <var2>
      <unit>kg</unit><description></description>
      <op>var1 * 1392</op>
    </var2>
  </variables>

</algdata>


<algnotes>

  <general_notes>While the chronology here is given as Bronze Age, the fact that the bricks weigh less (see Buccellati_2016_132 for a comparison with new bricks) may be due to the fact that they have been removed (thus excavated) from an archaeological context.</general_notes>
  <biblio_notes></biblio_notes>

</algnotes>


<algauthors>

  <creation_author_group>
    <author>
      <surname>Buccellati</surname><firstname>F.</firstname>
      <creation_date>30.02.2018</creation_date>
    </author>
  </creation_author_group>

  <modification_author_group>
    <author>
      <surname></surname><firstname></firstname>
      <modification_date></modification_date>
    </author>
  </modification_author_group>

</algauthors>


</algorithm>
