﻿<?xml version="1.0" encoding="UTF-8"?>

<algorithm>

<reference>Burke_2012_150</reference>



<biblioref>

  <authorgroup>
    <author>
      <surname>Burke</surname>
      <firstname>A.</firstname>
    </author>
  </authorgroup>
  <abbrev>Burke_2012</abbrev>
  <pagenums>150</pagenums>
  <abbrev2>Dalokay_1969</abbrev2>
  <pagenums2>119</pagenums2>

</biblioref>



<algorithm_description>

  <algorithm_type>mudbrick</algorithm_type>
  <position_in_process>manufacture</position_in_process>
  <material>mudbrick</material>
  <source_type>ethnographic</source_type>
  <source_chronology>Bronze Age</source_chronology>
  <source_geography>Ancient Near East</source_geography>

</algorithm_description>



<algdata>

  <algorithm_statement>0,137 m3 of mudbricks was made in 1 p-h</algorithm_statement>
  <algorithm_math>0,137 m3 made in 1 p-h</algorithm_math>
  <variables>
    <var1>
      <value>1</value><description></description>
      <unit>p-h</unit>
      <op>var2 / 0,137</op>
    </var1>
    <var2>
      <value>1</value><description></description>
      <unit>m3</unit>
      <op>var1 * 0,137</op>
    </var2>
  </variables>

<!-- comment  and so on for as many variables as needed, up to 9, always seperated by an _op_  -->

  <results>
    <result1>
      <value></value><description></description>
      <op></op>
      <unit></unit>
    </result1>
    <result2>
      <value></value><description></description>
      <op></op>
      <unit></unit>
    </result2>
  </results>
  
<!-- comment   and so on for as many results as needed, up to 9 -->

</algdata>



<algnotes>

  <general_notes>Data was converted from 10 hours work days as author refers to. </general_notes>
  <biblio_notes>Bricks are from the region of Turkey. Brick dimensions are 38 x 25 x 12 cm and the number of made bricks per day was 120.</biblio_notes>

</algnotes>



<algauthors>

  <creation_author_group>
    <author><surname>Marko</surname><firstname>J.</firstname></author>
    <creation_date>13.6.2019</creation_date>
  </creation_author_group>

  <modification_author_group>
    <author><firstname></firstname><surname></surname></author>
    <creation_date></creation_date>
  </modification_author_group>

</algauthors>



</algorithm>