﻿<?xml version="1.0" encoding="UTF-8"?>

<algorithm>

<reference>Burke_2012_149</reference>



<biblioref>

  <authorgroup>
    <author>
      <surname>Burke</surname>
      <firstname>A.</firstname>
    </author>
  </authorgroup>
  <abbrev>Burke_2012</abbrev>
  <pagenums>149</pagenums>
  <abbrev2>Powell_1990</abbrev2>
  <pagenums2>490</pagenums2>

</biblioref>



<algorithm_description>

  <algorithm_type>earth digging</algorithm_type>
  <position_in_process>procurement</position_in_process>
  <material>earth</material>
  <source_type>textual material</source_type>
  <source_chronology>Brnoze Age</source_chronology>
  <source_geography>Ancient Near East</source_geography>

</algorithm_description>



<algdata>

  <algorithm_statement>One labourer dag 0,3 m3 of soil in one hour</algorithm_statement>
  <algorithm_math>0,3 m3 dag in 1 p-h</algorithm_math>
  <variables>
    <var1>
      <value>1</value><description></description>
      <unit>p-h</unit>
      <op>var2 / 0,3</op>
    </var1>
    <var2>
      <value>0,3</value><description></description>
      <unit>m3</unit>
      <op>var1 * 0,3</op>
    </var2>
  </variables>

<!-- comment  and so on for as many variables as needed, up to 9, always seperated by an _op_  -->

  <results>
    <result1>
      <value></value><description></description>
      <op></op>
      <unit></unit>
    </result1>
    <result2>
      <value></value><description></description>
      <op></op>
      <unit></unit>
    </result2>
  </results>
  
<!-- comment   and so on for as many results as needed, up to 9 -->

</algdata>



<algnotes>

  <general_notes>The author mentions 10 hour work days. Data was converted from p-d to p-h,</general_notes>
  <biblio_notes></biblio_notes>

</algnotes>



<algauthors>

  <creation_author_group>
    <author><surname>Marko</surname><firstname>J.</firstname></author>
    <creation_date>12.6.2019</creation_date>
  </creation_author_group>

  <modification_author_group>
    <author><firstname></firstname><surname></surname></author>
    <creation_date></creation_date>
  </modification_author_group>

</algauthors>



</algorithm>