<?xml version="1.0" encoding="UTF-8"?>

<algorithm>

<reference>Cornerstones_2006_132</reference>


<biblioref>

  <authorgroup>
    <author><surname>Cornerstones Community Partnerships Staff</surname><firstname></firstname></author>
  </authorgroup>
  <abbrev>Cornerstones_Community_Partnerships_Staff_2006</abbrev>
  <pagenums>132</pagenums>
  <abbrev2></abbrev2>
  <pagenums2></pagenums2>

</biblioref>


<algorithm_description>

  <algorithm_type>mudbrick</algorithm_type>
  <position_in_process>materials</position_in_process>
  <material>mudbrick</material>
  <source_type>ethnographic</source_type>  
  <source_chronology></source_chronology>
  <source_geography></source_geography>

</algorithm_description>


<algdata>

  <algorithm_statement>Chaff used for bricks 2.5-4 cm in length.</algorithm_statement>
  <algorithm_math></algorithm_math>
  <variables>
    <var1>
      <unit>cm</unit><description></description>
      <op>var2 / 3.25</op>
    </var1>
    <var2>
      <unit>cm</unit><description></description>
      <op>var1 * 3.25</op>
    </var2>
  </variables>


</algdata>


<algnotes>

  <general_notes>Chaff used for bricks 2.5-4 cm in legnth. For mortar chaff needs to be shorter, for plaster longer.</general_notes>
  <biblio_notes></biblio_notes>

</algnotes>


<algauthors>

  <creation_author_group>
    <author>
      <surname>Buccellati</surname><firstname>F.</firstname>
      <creation_date>30.02.2018</creation_date>
    </author>
  </creation_author_group>

  <modification_author_group>
    <author>
      <surname></surname><firstname></firstname>
      <modification_date></modification_date>
    </author>
  </modification_author_group>

</algauthors>


</algorithm>
