﻿<?xml version="1.0" encoding="UTF-8"?>

<algorithm>

<reference>Fitzsimons_2014_96</reference>



<biblioref>

  <authorgroup>
    <author>
      <surname>Fitzsimons</surname>
      <firstname>R.</firstname>
    </author>
  </authorgroup>
  <abbrev>Fitzsimons_2014</abbrev>
  <pagenums>96</pagenums>
  <abbrev2>Time-Life Books_1993</abbrev2>
  <pagenums2>47-48</pagenums2>

</biblioref>



<algorithm_description>

  <algorithm_type>transport</algorithm_type>
  <position_in_process>transport</position_in_process>
  <material>stone</material>
  <source_type>experimental archaeology</source_type>
  <source_chronology>modern</source_chronology>
  <source_geography>Egypt</source_geography>

</algorithm_description>



<algdata>

  <algorithm_statement>Transporting a 7 ton stone statue by 130 men through a distance of 1 km in 17 days</algorithm_statement>
  <algorithm_math>Number of p-d = (kg -weight- / 1000) * (m -distance- / 3,1578)</algorithm_math>
  <variables>
    <var1>
      <value></value><description>weight</description>
      <unit>kg</unit>
      <op></op>
    </var1>
    <var2>
      <value></value><description>distance</description>
      <unit>m</unit>
      <op></op>
    </var2>
    <var3>
      <value></value><description></description>
      <unit></unit>
      <op></op>
    </var3>
  </variables>

<!-- comment  and so on for as many variables as needed, up to 9, always seperated by an _op_  -->

  <results>
    <result1>
      <value></value><description></description>
      <op>(var1 / 1000) * (var2 / 3,1578)</op>
      <unit>p-d</unit>
    </result1>
    <result2>
      <value></value><description></description>
      <op></op>
      <unit></unit>
    </result2>
  </results>
  
<!-- comment   and so on for as many results as needed, up to 9 -->

</algdata>



<algnotes>

  <general_notes>The author does not mention the number of hours worked in one person-day</general_notes>
  <biblio_notes></biblio_notes>

</algnotes>



<algauthors>

  <creation_author_group>
    <author><surname>Marko</surname><firstname>J.</firstname></author>
    <creation_date>11.6.2019</creation_date>
  </creation_author_group>

  <modification_author_group>
    <author><firstname></firstname><surname></surname></author>
    <creation_date></creation_date>
  </modification_author_group>

</algauthors>



</algorithm>