﻿<?xml version="1.0" encoding="UTF-8"?>

<algorithm>

<reference>Fitzsimons_2006_83</reference>



<biblioref>

  <authorgroup>
    <author>
      <surname>Fitzsimons</surname>
      <firstname>R.</firstname>
    </author>
  </authorgroup>
  <abbrev>Fitzsimons_2006</abbrev>
  <pagenums>83</pagenums>
  <abbrev2>Wright_1987</abbrev2>
  <pagenums2>174</pagenums2>

</biblioref>



<algorithm_description>

  <algorithm_type>earth digging</algorithm_type>
  <position_in_process>procurement</position_in_process>
  <material>earth</material>
  <source_type>experimental archaeology</source_type>
  <source_chronology>modern</source_chronology>
  <source_geography>classical - greek</source_geography>

</algorithm_description>



<algdata>

  <algorithm_statement>Digging one m3 of soil in one person hour</algorithm_statement>
  <algorithm_math>1 m3 dug in 1 p-d</algorithm_math>
  <variables>
    <var1>
      <value>1</value><description></description>
      <unit>p-d</unit>
      <op>var2 / 1</op>
    </var1>
    <var2>
      <value>1</value><description></description>
      <unit>m3</unit>
      <op>var1 * 1</op>
    </var2>
  </variables>

<!-- comment  and so on for as many variables as needed, up to 9, always seperated by an _op_  -->

  <results>
    <result1>
      <value></value><description></description>
      <op></op>
      <unit></unit>
    </result1>
    <result2>
      <value></value><description></description>
      <op></op>
      <unit></unit>
    </result2>
  </results>
  
<!-- comment   and so on for as many results as needed, up to 9 -->

</algdata>



<algnotes>

  <general_notes>The author does not mention the number of hours worked in one person-day</general_notes>
  <biblio_notes></biblio_notes>

</algnotes>



<algauthors>

  <creation_author_group>
    <author><surname>Marko</surname><firstname>J.</firstname></author>
    <creation_date>24.5.2019</creation_date>
  </creation_author_group>

  <modification_author_group>
    <author><firstname></firstname><surname></surname></author>
    <creation_date></creation_date>
  </modification_author_group>

</algauthors>



</algorithm>