﻿<?xml version="1.0" encoding="UTF-8"?>

<algorithm>

<reference>Fitzsimons_2014_97</reference>



<biblioref>

  <authorgroup>
    <author>
      <surname>Fitzsimons</surname>
      <firstname>R.</firstname>
    </author>
  </authorgroup>
  <abbrev>Fitzsimons_2014</abbrev>
  <pagenums>97</pagenums>
  <abbrev2>Cavanagh_1999</abbrev2>
  <pagenums2>96</pagenums2>

</biblioref>



<algorithm_description>

  <algorithm_type>transport</algorithm_type>
  <position_in_process>transport</position_in_process>
  <material>stone</material>
  <source_type>experimental archaeology</source_type>
  <source_chronology>modern</source_chronology>
  <source_geography></source_geography>

</algorithm_description>



<algdata>

  <algorithm_statement>10 men are possible to transport 1 ton</algorithm_statement>
  <algorithm_math></algorithm_math>
  <variables>
    <var1>
      <value></value><description></description>
      <unit></unit>
      <op></op>
    </var1>
    <var2>
      <value></value><description></description>
      <unit></unit>
      <op></op>
    </var2>
    <var3>
      <value></value><description></description>
      <unit></unit>
      <op></op>
    </var3>
  </variables>

<!-- comment  and so on for as many variables as needed, up to 9, always seperated by an _op_  -->

  <results>
    <result1>
      <value></value><description></description>
      <op></op>
      <unit></unit>
    </result1>
    <result2>
      <value></value><description></description>
      <op></op>
      <unit></unit>
    </result2>
  </results>
  
<!-- comment   and so on for as many results as needed, up to 9 -->

</algdata>



<algnotes>

  <general_notes>Author refers to managable transportation of lintel blocks. One weights 1000kg and 10 men can manage it to transport.</general_notes>
  <biblio_notes></biblio_notes>

</algnotes>



<algauthors>

  <creation_author_group>
    <author><surname>Marko</surname><firstname>J.</firstname></author>
    <creation_date>12.6.2019</creation_date>
  </creation_author_group>

  <modification_author_group>
    <author><firstname></firstname><surname></surname></author>
    <creation_date></creation_date>
  </modification_author_group>

</algauthors>



</algorithm>