﻿<?xml version="1.0" encoding="UTF-8"?>

<algorithm>

<reference>Harper_2016_528</reference>



<biblioref>

  <authorgroup>
    <author>
      <surname>Harper</surname>
      <firstname>Ch.</firstname>
    </author>
  </authorgroup>
  <abbrev>Harper_2016</abbrev>
  <pagenums>528</pagenums>
  <abbrev2>Hurst_1865</abbrev2>
  <pagenums2>217</pagenums2>

</biblioref>



<algorithm_description>

  <algorithm_type>sculpturing</algorithm_type>
  <position_in_process>procurement</position_in_process>
  <material>stone</material>
  <source_type></source_type>
  <source_chronology></source_chronology>
  <source_geography></source_geography>

</algorithm_description>



<algdata>

  <algorithm_statement>Dressing softer stones in one person hour</algorithm_statement>
  <algorithm_math>0,929 m2 dressed in 1 p-h</algorithm_math>
  <variables>
    <var1>
      <value>1</value><description></description>
      <unit>p-h</unit>
      <op>var2 / 0,929</op>
    </var1>
    <var2>
      <value>0,929</value><description></description>
      <unit>m2</unit>
      <op>var1 * 0,929</op>
    </var2>
  </variables>

<!-- comment  and so on for as many variables as needed, up to 9, always seperated by an _op_  -->

  <results>
    <result1>
      <value></value><description></description>
      <op></op>
      <unit></unit>
    </result1>
    <result2>
      <value></value><description></description>
      <op></op>
      <unit></unit>
    </result2>
  </results>
  
<!-- comment   and so on for as many results as needed, up to 9 -->

</algdata>



<algnotes>

  <general_notes>A chisel was used for dressing.</general_notes>
  <biblio_notes></biblio_notes>

</algnotes>



<algauthors>

  <creation_author_group>
    <author><surname>Marko</surname><firstname>J.</firstname></author>
    <creation_date>23.5.2019</creation_date>
  </creation_author_group>

  <modification_author_group>
    <author><firstname></firstname><surname></surname></author>
    <creation_date></creation_date>
  </modification_author_group>

</algauthors>



</algorithm>