﻿<?xml version="1.0" encoding="UTF-8"?>

<algorithm>

<reference>Harper_2016_522</reference>



<biblioref>

  <authorgroup>
    <author>
      <surname>Harper</surname>
      <firstname>Ch.</firstname>
    </author>
  </authorgroup>
  <abbrev>Harper_2016</abbrev>
  <pagenums>522</pagenums>
  <abbrev2>Devolder_2013</abbrev2>
  <pagenums2>24-7</pagenums2>
  <abbrev3>Atkinson_1961</abbrev3>
  <pagenums3>297</pagenums3>

</biblioref>



<algorithm_description>

  <algorithm_type>transport</algorithm_type>
  <position_in_process>transport</position_in_process>
  <material></material>
  <source_type></source_type>
  <source_chronology></source_chronology>
  <source_geography></source_geography>

</algorithm_description>



<algdata>

  <algorithm_statement>Transportation</algorithm_statement>
  <algorithm_math>Certain number of p-h = (kg -weight- / 2100) * (2 * km -distance- / 1,67) * 450 percent</algorithm_math>
  <variables>
    <var1>
      <value></value><description>weight</description>
      <unit>kg</unit>
      <op></op>
    </var1>
    <var2>
      <value></value><description>distance</description>
      <unit>km</unit>
      <op></op>
    </var2>
    <var3>
      <value>4,5</value><description>labor</description>
      <unit>percent</unit>
      <op></op>
    </var3>
  </variables>

<!-- comment  and so on for as many variables as needed, up to 9, always seperated by an _op_  -->

  <results>
    <result1>
      <value></value><description></description>
      <op>(var1 / 2100) * (2 * var2 / 1,67) * var3</op>
      <unit>p-h</unit>
    </result1>
    <result2>
      <value></value><description></description>
      <op></op>
      <unit></unit>
    </result2>
  </results>
  
<!-- comment   and so on for as many results as needed, up to 9 -->

</algdata>



<algnotes>

  <general_notes>The capacity of the Wagon is under 2100 kg and it is dragged by single ox over a flat surface. This rate includes the return trip and relies on a walking speed of 1,67 km/h.</general_notes>
  <biblio_notes>According to Atkinson, the transport labor is increased by 450% in a very steep terrain, slopes of 9°</biblio_notes>

</algnotes>



<algauthors>

  <creation_author_group>
    <author><surname>Marko</surname><firstname>J.</firstname></author>
    <creation_date>22.5.2019</creation_date>
  </creation_author_group>

  <modification_author_group>
    <author><firstname></firstname><surname></surname></author>
    <creation_date></creation_date>
  </modification_author_group>

</algauthors>



</algorithm>