﻿<?xml version="1.0" encoding="UTF-8"?>

<algorithm>

<reference>Harper_2016_529</reference>



<biblioref>

  <authorgroup>
    <author>
      <surname>Harper</surname>
      <firstname>Ch.</firstname>
    </author>
  </authorgroup>
  <abbrev>Harper_2016</abbrev>
  <pagenums>529</pagenums>
  <abbrev2>Murakami_2015</abbrev2>
  <pagenums2>273</pagenums2>

</biblioref>



<algorithm_description>

  <algorithm_type>plaster applying</algorithm_type>
  <position_in_process>construction</position_in_process>
  <material>clay</material>
  <source_type>experimental archaeology</source_type>
  <source_chronology></source_chronology>
  <source_geography></source_geography>

</algorithm_description>



<algdata>

  <algorithm_statement>Applying clay plaster to walls in one person hour</algorithm_statement>
  <algorithm_math>0,8 m2 dressed in 1 p-h</algorithm_math>
  <variables>
    <var1>
      <value>1</value><description></description>
      <unit>p-h</unit>
      <op>var2 / 0,8</op>
    </var1>
    <var2>
      <value>0,8</value><description></description>
      <unit>m2</unit>
      <op>var1 * 0,8</op>
    </var2>
  </variables>

<!-- comment  and so on for as many variables as needed, up to 9, always seperated by an _op_  -->

  <results>
    <result1>
      <value></value><description></description>
      <op></op>
      <unit></unit>
    </result1>
    <result2>
      <value></value><description></description>
      <op></op>
      <unit></unit>
    </result2>
  </results>
  
<!-- comment   and so on for as many results as needed, up to 9 -->

</algdata>



<algnotes>

  <general_notes>According to the author, clay plaster of  5 cm thickness was applied to walls including mixing and smoothing it.</general_notes>
  <biblio_notes>The application was done to stone walls using a trowel.</biblio_notes>

</algnotes>



<algauthors>

  <creation_author_group>
    <author><surname>Marko</surname><firstname>J.</firstname></author>
    <creation_date>23.5.2019</creation_date>
  </creation_author_group>

  <modification_author_group>
    <author><firstname></firstname><surname></surname></author>
    <creation_date></creation_date>
  </modification_author_group>

</algauthors>



</algorithm>