﻿<?xml version="1.0" encoding="UTF-8"?>

<algorithm>

<reference>Harper_2016_206</reference>



<biblioref>

  <authorgroup>
    <author>
      <surname>Harper</surname>
      <firstname>Ch.</firstname>
    </author>
  </authorgroup>
  <abbrev>Harper_2016</abbrev>
  <pagenums>206</pagenums>
  <abbrev2>Searle_1935</abbrev2>
  <pagenums2>407</pagenums2>

</biblioref>



<algorithm_description>

  <algorithm_type>plaster production</algorithm_type>
  <position_in_process>procurement</position_in_process>
  <material>limestone</material>
  <source_type>ethnographic</source_type>  
  <source_chronology>modern</source_chronology>
  <source_geography></source_geography>

</algorithm_description>



<algdata>

  <algorithm_statement>burning limestone in a kiln</algorithm_statement>
  <algorithm_math>time to burn limestone in one kiln</algorithm_math>
  <variables>
    <var1>
      <value>1</value><description></description>
      <unit>kiln</unit>
      <op></op>
    </var1>
    <var2>
      <value>6</value><description></description>
      <unit>days</unit>
      <op>var1 * 6</op>
    </var2>
  </variables>

<!-- comment  and so on for as many variables as needed, up to 9, always seperated by an _op_  -->

  <results>
    <result1>
      <value></value><description></description>
      <op></op>
      <unit></unit>
    </result1>
    <result2>
      <value></value><description></description>
      <op></op>
      <unit></unit>
    </result2>
  </results>
  
<!-- comment   and so on for as many results as needed, up to 9 -->

</algdata>



<algnotes>

  <general_notes></general_notes>
  <biblio_notes></biblio_notes>

</algnotes>



<algauthors>

  <creation_author_group>
    <author><surname>Marko</surname><firstname>J.</firstname></author>
    <creation_date>21.5.2019</creation_date>
  </creation_author_group>

  <modification_author_group>
    <author><firstname></firstname><surname></surname></author>
    <creation_date></creation_date>
  </modification_author_group>

</algauthors>



</algorithm>