﻿<?xml version="1.0" encoding="UTF-8"?>

<algorithm>

<reference>Harper_2016_525</reference>



<biblioref>

  <authorgroup>
    <author>
      <surname>Harper</surname>
      <firstname>Ch.</firstname>
    </author>
  </authorgroup>
  <abbrev>Harper_2016</abbrev>
  <pagenums>525</pagenums>
  <abbrev2>Russel and Dahlin_2007</abbrev2>
  <pagenums2>417</pagenums2>

</biblioref>



<algorithm_description>

  <algorithm_type>lime production</algorithm_type>
  <position_in_process>manufacture</position_in_process>
  <material>limestone</material>
  <source_type>experimental archaeology</source_type>  
  <source_chronology>modern</source_chronology>
  <source_geography>Mesoamerica</source_geography>

</algorithm_description>



<algdata>

  <algorithm_statement>making lime in one person-hour</algorithm_statement>
  <algorithm_math>0,004 m3 made in 1 p-h</algorithm_math>
  <variables>
    <var1>
      <value>1</value><description></description>
      <unit>p-h</unit>
      <op>var2 / 0,004</op>
    </var1>
    <var2>
      <value>0,138</value><description></description>
      <unit>m3</unit>
      <op>var1 * 0,004</op>
    </var2>
  </variables>

<!-- comment  and so on for as many variables as needed, up to 9, always seperated by an _op_  -->

  <results>
    <result1>
      <value></value><description></description>
      <op></op>
      <unit></unit>
    </result1>
    <result2>
      <value></value><description></description>
      <op></op>
      <unit></unit>
    </result2>
  </results>
  
<!-- comment   and so on for as many results as needed, up to 9 -->

</algdata>



<algnotes>

  <general_notes>According to the author, producing lime includes collecting and transporting all materials (firewood, limestone) and slakng of the lime. Materials are asumed to be close to the site of production.</general_notes>
  <biblio_notes></biblio_notes>

</algnotes>



<algauthors>

  <creation_author_group>
    <author><surname>Marko</surname><firstname>J.</firstname></author>
    <creation_date>22.5.2019</creation_date>
  </creation_author_group>

  <modification_author_group>
    <author><firstname></firstname><surname></surname></author>
    <creation_date></creation_date>
  </modification_author_group>

</algauthors>



</algorithm>