﻿<?xml version="1.0" encoding="UTF-8"?>

<algorithm>

<reference>Milner_2009_108</reference>



<biblioref>

  <authorgroup>
    <author>
      <surname>Milner</surname>
      <firstname>G.</firstname>
    </author>
  </authorgroup>
  <abbrev>Milner_2009</abbrev>
  <pagenums>108</pagenums>
  <abbrev2></abbrev2>
  <pagenums2></pagenums2>

</biblioref>



<algorithm_description>

  <algorithm_type>earth digging</algorithm_type>
  <position_in_process>materials</position_in_process>
  <material>earth</material>
  <source_type>experimental archaeology</source_type>  
  <source_chronology>modern</source_chronology>
  <source_geography>Mesoamerica</source_geography>

</algorithm_description>



<algdata>

  <algorithm_statement>1 p-h excavating average 1,64 m3 of soil</algorithm_statement>
  <algorithm_math>1 p-h dig 1,64 m3</algorithm_math>
  <variables>
    <var1>
      <value>1</value><description></description>
      <unit>p-h</unit>
      <op>var2 / 1,64</op>
    </var1>
    <var2>
      <value>1,64</value><description></description>
      <unit>m3</unit>
      <op>var1 * 1,64</op>
    </var2>
  </variables>

<!-- comment  and so on for as many variables as needed, up to 9, always seperated by an _op_  -->

  <results>
    <result1>
      <value></value><description></description>
      <op></op>
      <unit></unit>
    </result1>
    <result2>
      <value></value><description></description>
      <op></op>
      <unit></unit>
    </result2>
  </results>
  
<!-- comment   and so on for as many results as needed, up to 9 -->

</algdata>



<algnotes>

  <general_notes>Author refers to 5 hour work days. Stone hoes were used for excavating the soil.</general_notes>
  <biblio_notes></biblio_notes>

</algnotes>



<algauthors>

  <creation_author_group>
    <author><surname>Marko</surname><firstname>J.</firstname></author>
    <creation_date>26.4.2019</creation_date>
  </creation_author_group>

  <modification_author_group>
    <author><firstname></firstname><surname></surname></author>
    <creation_date></creation_date>
  </modification_author_group>

</algauthors>



</algorithm>