﻿<?xml version="1.0" encoding="UTF-8"?>

<algorithm>

<reference>Pickett_2017_16</reference>



<biblioref>

  <authorgroup>
    <author>
      <surname>Pickett</surname>
      <firstname>J.</firstname>
    </author>
  </authorgroup>
  <abbrev>Pickett_2017</abbrev>
  <pagenums>16</pagenums>
  <abbrev2></abbrev2>
  <pagenums2></pagenums2>

</biblioref>



<algorithm_description>

  <algorithm_type>quarrying tuff</algorithm_type>
  <position_in_process>procurement</position_in_process>
  <material>stone</material>
  <source_type>textual material</source_type>  
  <source_chronology>Middle Ages</source_chronology>
  <source_geography>Near East</source_geography>

</algorithm_description>



<algdata>

  <algorithm_statement>quarrying tuff in minimum low skill rate</algorithm_statement>
  <algorithm_math>0,25 m3 tuff quarried in 1 p-h</algorithm_math>
  <variables>
    <var1>
      <value>1</value><description></description>
      <unit>p-h</unit>
      <op>var2 / 0,25</op>
    </var1>
    <var2>
      <value>0,25</value><description></description>
      <unit>m3</unit>
      <op>var1 * 0,25</op>
    </var2>
  </variables>

<!-- comment  and so on for as many variables as needed, up to 9, always seperated by an _op_  -->

  <results>
    <result1>
      <value></value><description></description>
      <op></op>
      <unit></unit>
    </result1>
    <result2>
      <value></value><description></description>
      <op></op>
      <unit></unit>
    </result2>
  </results>
  
<!-- comment   and so on for as many results as needed, up to 9 -->

</algdata>



<algnotes>

  <general_notes>Data was converted from work days to person-hours. Author refers to 8 hour work days.</general_notes>
  <biblio_notes>Author distinguised two skill rates, minimum and maximum low skill rate. He operates with addiontional +10% of labour as a high-skilled rate or labour under supervision.</biblio_notes>

</algnotes>



<algauthors>

  <creation_author_group>
    <author><surname>Marko</surname><firstname>J.</firstname></author>
    <creation_date>24.4.2019</creation_date>
  </creation_author_group>

  <modification_author_group>
    <author><firstname></firstname><surname></surname></author>
    <creation_date></creation_date>
  </modification_author_group>

</algauthors>



</algorithm>