<?xml version="1.0" encoding="UTF-8"?>
<algorithm>


<reference>Harper_2016_206</reference>


<biblioref>

  <source>
    <author><surname>Harper</surname><firstname>C.</firstname></author>
    <year>2016</year>
    <pagenums>206</pagenums>
  </source>

  <cited>
    <author><surname>Searle</surname><firstname></firstname></author>
    <year>1935</year>
    <pagenums>407</pagenums>
  </cited>

</biblioref>



<algorithm_description>

  <algorithm_type>plaster production</algorithm_type>
  <position_in_process>procurement</position_in_process>
  <material>limestone</material>
  <source_type>ethnographic</source_type>
  <source_chronology>modern</source_chronology>
  <source_geography></source_geography>

</algorithm_description>



<algdata>

  <algorithm_statement>burning limestone in a kiln</algorithm_statement>
  <algorithm_math>time to burn limestone in one kiln</algorithm_math>
  <variables>
    <var1>
      <unit>kiln</unit><description></description>
      <op>var2 / 6</op>
    </var1>
    <var2>
      <unit>days</unit><description></description>
      <op>var1 * 6</op>
    </var2>
  </variables>

</algdata>



<algnotes>

  <general_notes></general_notes>
  <biblio_notes></biblio_notes>

</algnotes>



<algauthors>

  <creation>
    <author><surname>Buccellati</surname><firstname>F.</firstname></author>
    <author><surname>Marko</surname><firstname>J.</firstname><date>21.5.2019</date></author>
  </creation>

  <modification>
    <author><surname></surname><firstname></firstname><date></date></author>
  </modification>

</algauthors>



</algorithm>